venue,headliner,support,date
Songbyrd,The Sea Life and Triathalon,"      The Sea Life and Triathalon     ","        Friday 13 November 2015"
Songbyrd,Teen Mom,"      Teen Mom, BRNDA and Go Cozy    ","        Thursday 29 October 2015"
Songbyrd,Den-Mate and Sports,"      Den-Mate and Sports     ","        Sunday 27 December 2015"
Songbyrd,Witch Coast,"      Witch Coast, Bless and Joy Buttons    ","        Friday 23 October 2015"
Songbyrd,"June Gloom, Very Fresh, Operator Music Band, and Two Inch Astronaut","      June Gloom, Very Fresh, Operator Music Band, and Two Inch Astronaut     ","        Sunday 06 December 2015"
Songbyrd,"yOya, Louis Weeks, Sean Barna, and Rom(DC)","      yOya, Louis Weeks, Sean Barna, and Rom(DC)     ","        Sunday 15 November 2015"
Songbyrd,"Baby Bry Bry, Adir L.C., and Art Sorority for Girls","      Baby Bry Bry, Adir L.C., and Art Sorority for Girls     ","        Saturday 05 December 2015"
Songbyrd,"The Effects, Wing Dam, and The Hemlines","      The Effects, Wing Dam, and The Hemlines     ","        Saturday 12 December 2015"
Songbyrd,"Flavor Waster, The El Mansouris, and Humble Fire","      Flavor Waster, The El Mansouris, and Humble Fire     ","        Sunday 22 November 2015"
Songbyrd,"Redline Graffiti, cautious clay, The Walking Sticks, and Moonlight Mask","      Redline Graffiti, cautious clay, The Walking Sticks, and Moonlight Mask     ","        Saturday 19 December 2015"
Songbyrd,"Advance Base, Margot MacDonald, Amy Bezunartea, and The Galaxy Electric","      Advance Base, Margot MacDonald, Amy Bezunartea, and The Galaxy Electric     ","        Sunday 18 October 2015"
Songbyrd,Advance Base,"      Advance Base, Margot MacDonald, Amy Bezunartea, and The Galaxy Electric    ","        Sunday 18 October 2015"
Songbyrd,Humble Fire,"      Humble Fire, The Effects    ","        Friday 30 October 2015"
Songbyrd,Mobius Strip,"      Mobius Strip, Jail Solidarity    ","        Sunday 08 November 2015"
Songbyrd,"Shellshag, The Vacation, and Post Pink","      Shellshag, The Vacation, and Post Pink     ","        Thursday 10 December 2015"
Songbyrd,Friend Roulette and Half Waif,"      Friend Roulette and Half Waif     ","        Friday 04 December 2015"
Songbyrd,"Cartoon Weapons, Dumb Waiter, Showpony, and Breakup Season","      Cartoon Weapons, Dumb Waiter, Showpony, and Breakup Season     ","        Thursday 03 December 2015"
Songbyrd,The Coolots,"      The Coolots     ","        Saturday 07 November 2015"
Songbyrd,Infinity Girl,"      Infinity Girl     ","        Wednesday 18 November 2015"
Songbyrd,Florist,"      Florist, Hello Shark, Stranger In The Alps, and tall friend    ","        Thursday 19 November 2015"
Songbyrd,"Polyon, Hurry, and Homosuperior","      Polyon, Hurry, and Homosuperior, Governess (DC)    ","        Friday 20 November 2015"
Songbyrd,Adir L.C.,"      Adir L.C.     ","        Saturday 05 December 2015"
Songbyrd,"Jonny Grave, Laura Schwartz, and Jason Mendelson","      Jonny Grave, Laura Schwartz, and Jason Mendelson     ","        Tuesday 15 December 2015"
Songbyrd,"Grogan Social Scene, Howlish, peyote pilgrim, and The Dawn Drapes","      Grogan Social Scene, Howlish, peyote pilgrim, and The Dawn Drapes     ","        Thursday 17 December 2015"
Songbyrd,Rick Maguire and Mattress Financial,"      Rick Maguire and Mattress Financial     ","        Sunday 20 December 2015"
Songbyrd,"Jermaine Fowler, Nick Turner, and Jason Saenz","      Jermaine Fowler, Nick Turner, and Jason Saenz     ","        Saturday 26 December 2015"
Songbyrd,Homeshake,"      Homeshake, Brushes and Today Junior    ","        Monday 28 November 2016"
Songbyrd,Marc E Bassy,"      Marc E Bassy, Elhae    ","        Wednesday 09 November 2016"
Songbyrd,La Sera and Springtime Carnivore,"      La Sera and Springtime Carnivore     ","        Thursday 20 October 2016"
Songbyrd,Beacon,"      Beacon, Natasha Kmeto    ","        Saturday 13 February 2016"
Songbyrd,"Mystery Skulls, French Horn Rebellion, and Deidre & The Dark","      Mystery Skulls, French Horn Rebellion, and Deidre & The Dark     ","        Friday 11 March 2016"
Songbyrd,MOTHXR,"      MOTHXR     ","        Saturday 01 October 2016"
Songbyrd,Icon for Hire,"      Icon for Hire     ","        Thursday 10 November 2016"
Songbyrd,Kevin Garrett,"      Kevin Garrett, Foreign Air    ","        Saturday 26 March 2016"
Songbyrd,"Astronauts Etc, Harriet Brown, and Baby Bry Bry","      Astronauts Etc, Harriet Brown, and Baby Bry Bry     ","        Friday 25 March 2016"
Songbyrd,"Surf Curse, Lala Lala, and Shirt/Pants","      Surf Curse, Lala Lala, and Shirt/Pants     ","        Sunday 28 August 2016"
Songbyrd,The Good Life,"      The Good Life, Jake Bellows and Field Mouse    ","        Saturday 19 November 2016"
Songbyrd,Night Beats,"      Night Beats, The Mystery Lights    ","        Wednesday 13 July 2016"
Songbyrd,Moosh & Twist,"      Moosh & Twist, Bryce Vine and Brain Rapp    ","        Wednesday 12 October 2016"
Songbyrd,Xenia Rubinos,"      Xenia Rubinos     ","        Friday 09 December 2016"
Songbyrd,Forth Wanderers and Vundabar,"      Forth Wanderers and Vundabar     ","        Saturday 12 November 2016"
Songbyrd,"The Queers, svetlanas, Oc45, The Fantastic Plastics, American Television, and Split Seconds","      The Queers, svetlanas, Oc45, The Fantastic Plastics, American Television, and Split Seconds     ","        Sunday 25 September 2016"
Songbyrd,Nicole Dollanganger,"      Nicole Dollanganger, Snail Mail and foster carrots    ","        Thursday 27 October 2016"
Songbyrd,Firekid,"      Firekid, Wylder and Hannah Georgas    ","        Thursday 06 October 2016"
Songbyrd,"Alex Calder, Freak Heat Waves, and June Gloom","      Alex Calder, Freak Heat Waves, and June Gloom     ","        Wednesday 20 July 2016"
Songbyrd,IshDARR,"      IshDARR, J. Robb    ","        Wednesday 07 December 2016"
Songbyrd,Told Slant and Yowler,"      Told Slant and Yowler, Foozle and Julian    ","        Friday 14 October 2016"
Songbyrd,Laura Burhenn,"      Laura Burhenn, Den-Mate    ","        Wednesday 14 December 2016"
Songbyrd,"Wax Idols, King Woman, and Dot Dash","      Wax Idols, King Woman, and Dot Dash     ","        Wednesday 08 June 2016"
Songbyrd,"Florist, Emily Yacina, Keeper, and Julian","      Florist, Emily Yacina, Keeper, and Julian     ","        Saturday 13 August 2016"
Songbyrd,The Soil & the Sun and OWEL,"      The Soil & the Sun and OWEL, Wes Swing    ","        Friday 02 December 2016"
Songbyrd,"Iron Chic, Timeshares, Slingshot Dakota, Loud Boyz, lilac daze, The Rememberables, American Television, Collider, Brick Top, Curse Words (DC), Oklahoma Car Crash, Railsplitter, and The Mauls","      Iron Chic, Timeshares, Slingshot Dakota, Loud Boyz, lilac daze, The Rememberables, American Television, Collider, Brick Top, Curse Words (DC), Oklahoma Car Crash, Railsplitter, and The Mauls     ","        Friday 04 March 2016"
Songbyrd,The Prettiots,"      The Prettiots, Cinema Hearts    ","        Thursday 11 February 2016"
Songbyrd,Ace Cosgrove and Redline Graffiti,"      Ace Cosgrove and Redline Graffiti     ","        Saturday 27 February 2016"
Songbyrd,Ben Caplan and Stranger In The Alps,"      Ben Caplan and Stranger In The Alps     ","        Wednesday 09 March 2016"
Songbyrd,New Madrid and Witch Coast,"      New Madrid and Witch Coast     ","        Wednesday 11 May 2016"
Songbyrd,Manatee Commune and shallou,"      Manatee Commune and shallou     ","        Saturday 20 August 2016"
Songbyrd,Gosh Pith,"      Gosh Pith     ","        Sunday 11 December 2016"
Songbyrd,"CIGARETTE, Laser Background, Other Colors (US), and Young Rapids","      CIGARETTE, Laser Background, Other Colors (US), and Young Rapids     ","        Sunday 24 January 2016"
Songbyrd,Muhsinah,"      Muhsinah, The Firm DMV    ","        Sunday 24 July 2016"
Songbyrd,Young Rapids and Tiny Hazard,"      Young Rapids and Tiny Hazard, Pree and Airhead DC    ","        Saturday 08 October 2016"
Songbyrd,"Solids, The Stove, and CLIQUE","      Solids, The Stove, and CLIQUE     ","        Sunday 08 May 2016"
Songbyrd,Computer Magic,"      Computer Magic     ","        Friday 26 August 2016"
Songbyrd,"The Walters, The Symposium (US), and Gump","      The Walters, The Symposium (US), and Gump     ","        Thursday 25 August 2016"
Songbyrd,The Scotch Bonnets and Eastern Standard Time,"      The Scotch Bonnets and Eastern Standard Time     ","        Saturday 06 February 2016"
Songbyrd,"Puff Pieces, Jack On Fire, Nice Breeze, and Escape-ism","      Puff Pieces, Jack On Fire, Nice Breeze, and Escape-ism     ","        Saturday 19 March 2016"
Songbyrd,"Dirty Dishes, Den-Mate, and What Moon Things","      Dirty Dishes, Den-Mate, and What Moon Things     ","        Wednesday 06 April 2016"
Songbyrd,The North Country,"      The North Country, Big Mama Shakes, Wilder Maker, and Brushes    ","        Saturday 23 April 2016"
Songbyrd,Overcoats and Tigers Are Bad For Horses,"      Overcoats and Tigers Are Bad For Horses     ","        Friday 06 May 2016"
Songbyrd,"The Obsessives, The Superweaks, and Heart Attack Man","      The Obsessives, The Superweaks, and Heart Attack Man     ","        Saturday 23 July 2016"
Songbyrd,IAN SWEET,"      IAN SWEET, Go Cozy, Hellrazor, and Two Inch Astronaut    ","        Wednesday 16 November 2016"
Songbyrd,The Music Tapes,"      The Music Tapes     ","        Sunday 20 November 2016"
Songbyrd,Tancred and Otis Infrastructure,"      Tancred and Otis Infrastructure     ","        Wednesday 15 June 2016"
Songbyrd,Austin Lucas and Matt Woods,"      Austin Lucas and Matt Woods     ","        Saturday 16 July 2016"
Songbyrd,Den-Mate and kid claws,"      Den-Mate and kid claws     ","        Monday 18 July 2016"
Songbyrd,Arc Iris and Superhuman Happiness,"      Arc Iris and Superhuman Happiness     ","        Friday 16 September 2016"
Songbyrd,Sam Outlaw,"      Sam Outlaw, Darrin Bradbury    ","        Tuesday 15 November 2016"
Songbyrd,Mail the Horse and Silent Old Mtns.,"      Mail the Horse and Silent Old Mtns.     ","        Sunday 17 July 2016"
Songbyrd,"Janel Leppin, Pree, and Roz Raskin and the Ricecakes","      Janel Leppin, Pree, and Roz Raskin and the Ricecakes     ","        Thursday 24 March 2016"
Songbyrd,"Laser Background, CIGARETTE, Other Colors (US), and Young Rapids","      Laser Background, CIGARETTE, Other Colors (US), and Young Rapids     ","        Friday 05 February 2016"
Songbyrd,"Omni, Us and Us Only, and Deeper","      Omni, Us and Us Only, and Deeper     ","        Tuesday 18 October 2016"
Songbyrd,"Sunwatchers, Plums, and Boat Burning","      Sunwatchers, Plums, and Boat Burning     ","        Thursday 10 March 2016"
Songbyrd,Brass Bed,"      Brass Bed     ","        Thursday 07 April 2016"
Songbyrd,Janel and Anthony,"      Janel and Anthony     ","        Thursday 14 April 2016"
Songbyrd,David Liebe Hart,"      David Liebe Hart     ","        Thursday 19 May 2016"
Songbyrd,Justin Jones,"      Justin Jones, Alex Tebeleff    ","        Saturday 15 October 2016"
Songbyrd,Aztec Sun,"      Aztec Sun, DJ Nitekrawler    ","        Saturday 10 December 2016"
Songbyrd,Flash Frequency,"      Flash Frequency     ","        Tuesday 10 May 2016"
Songbyrd,Eastern Standard Time,"      Eastern Standard Time     ","        Saturday 06 February 2016"
Songbyrd,MILK$,"      MILK$     ","        Saturday 17 September 2016"
Songbyrd,"Warren Franklin and the Founding Fathers, tall friend, and Bleary Eyed","      Warren Franklin and the Founding Fathers, tall friend, and Bleary Eyed     ","        Friday 22 April 2016"
Songbyrd,"Bent Knee, The Torches, Sean Croft, and Spirit Plots","      Bent Knee, The Torches, Sean Croft, and Spirit Plots     ","        Friday 20 May 2016"
Songbyrd,"Chris Cohen, Johnny Fantastic, and Fellow Creatures","      Chris Cohen, Johnny Fantastic, and Fellow Creatures     ","        Wednesday 01 June 2016"
Songbyrd,"Casket Girls, Stardeath and White Dwarfs, and Hospital Ships","      Casket Girls, Stardeath and White Dwarfs, and Hospital Ships     ","        Saturday 11 June 2016"
Songbyrd,"JDVBBS, Brain Rapp, and Bonnie Rash","      JDVBBS, Brain Rapp, and Bonnie Rash     ","        Saturday 25 June 2016"
Songbyrd,Bueno and The El Mansouris,"      Bueno and The El Mansouris     ","        Wednesday 05 October 2016"
Songbyrd,"Greenland, More Humans, and kid claws","      Greenland, More Humans, and kid claws     ","        Thursday 01 December 2016"
Songbyrd,Vita and the Woolf,"      Vita and the Woolf, Humble Fire and The North Country    ","        Thursday 15 December 2016"
Songbyrd,"Son Step, Young Rapids, Summer Salt, and Jau Ocean","      Son Step, Young Rapids, Summer Salt, and Jau Ocean     ","        Wednesday 20 April 2016"
Songbyrd,"The swings, Erik Phillips (f.k.a. Cat Be Damned), Emily Yacina, and Snail Mail","      The swings, Erik Phillips (f.k.a. Cat Be Damned), Emily Yacina, and Snail Mail     ","        Friday 10 June 2016"
Songbyrd,Breakin Even Fest 2016,"              Breakin Even Fest 2016        Iron Chic, Timeshares, Collider, Bricktop, Oklahoma Car Crash, Loud Boyz, lilac daze, and The Rememberables          ","        Friday 04 March 2016 – Saturday 05 March 2016"
Songbyrd,cautious clay and LanceNeptune,"      cautious clay and LanceNeptune     ","        Friday 19 February 2016"
Songbyrd,Sunwolf and SAVAK,"      Sunwolf and SAVAK     ","        Saturday 20 February 2016"
Songbyrd,Show Me The Body and Gump,"      Show Me The Body and Gump     ","        Thursday 31 March 2016"
Songbyrd,Tamara Wellons and DJ Jahsonic,"      Tamara Wellons and DJ Jahsonic     ","        Saturday 16 April 2016"
Songbyrd,Lauren Calve,"      Lauren Calve, Olivia Mancini    ","        Thursday 21 April 2016"
Songbyrd,Berndsen and Hermigervill,"      Berndsen and Hermigervill     ","        Wednesday 18 May 2016"
Songbyrd,Pree and Grace Vonderkuhn,"      Pree and Grace Vonderkuhn     ","        Thursday 23 June 2016"
Songbyrd,DJ Dredd,"      DJ Dredd, Grap Luva    ","        Saturday 27 August 2016"
Songbyrd,C.W. Stoneking,"      C.W. Stoneking     ","        Saturday 10 September 2016"
Songbyrd,"Brer, Hallowed Bells, and The Galaxy Electric","      Brer, Hallowed Bells, and The Galaxy Electric     ","        Tuesday 09 February 2016"
Songbyrd,"Lauren Calve, Marian McLaughlin, and Sara Curtin","      Lauren Calve, Marian McLaughlin, and Sara Curtin     ","        Friday 12 February 2016"
Songbyrd,"Parlour Tricks, Furniteur, and Tigers Are Bad For Horses","      Parlour Tricks, Furniteur, and Tigers Are Bad For Horses     ","        Sunday 28 February 2016"
Songbyrd,"Michael Blume, Argonaut & Wasp, and Beya Likhari","      Michael Blume, Argonaut & Wasp, and Beya Likhari     ","        Monday 08 August 2016"
Songbyrd,"Two Inch Astronaut, Shahman, Worst Gift, and Dove Lady","      Two Inch Astronaut, Shahman, Worst Gift, and Dove Lady     ","        Monday 17 October 2016"
Songbyrd,"Somnia, Amanda X, and Art Sorority for Girls","      Somnia, Amanda X, and Art Sorority for Girls     ","        Tuesday 25 October 2016"
Songbyrd,Ken Vandermark,"      Ken Vandermark, Made to Break    ","        Tuesday 05 April 2016"
Songbyrd,Stick,"      Stick     ","        Saturday 16 January 2016"
Songbyrd,Sunwolf and SAVAK,"      Sunwolf and SAVAK     ","        Saturday 23 January 2016"
Songbyrd,"Cool People, 100 Watt Horse, Due Diligence, and Poppy Patica","      Cool People, 100 Watt Horse, Due Diligence, and Poppy Patica     ","        Wednesday 27 January 2016"
Songbyrd,"Big Hush, Soda, and kid claws","      Big Hush, Soda, and kid claws     ","        Friday 29 January 2016"
Songbyrd,Pria Puss,"      Pria Puss     ","        Saturday 30 January 2016"
Songbyrd,Cxntinue and Gump,"      Cxntinue and Gump     ","        Thursday 04 February 2016"
Songbyrd,Sunwolf and SAVAK,"      Sunwolf and SAVAK     ","        Friday 05 February 2016"
Songbyrd,"Shirt/Pants, Reagan Cats, Brother M., and A Marc Train Home","      Shirt/Pants, Reagan Cats, Brother M., and A Marc Train Home     ","        Sunday 13 March 2016"
Songbyrd,"Reagan Cats, A Marc Train Home, and Brother M.","      Reagan Cats, A Marc Train Home, and Brother M.     ","        Sunday 20 March 2016"
Songbyrd,"Ras Nebyu, Corbin Butler, and Sean J","      Ras Nebyu, Corbin Butler, and Sean J     ","        Friday 15 April 2016"
Songbyrd,Woozy,"      Woozy, All People    ","        Tuesday 19 April 2016"
Songbyrd,The Heligoats and Jake McKelvie & the Countertops,"      The Heligoats and Jake McKelvie & the Countertops     ","        Sunday 24 April 2016"
Songbyrd,Jacob 2-2,"      Jacob 2-2     ","        Wednesday 27 April 2016"
Songbyrd,Maryjo Mattea and Uptown Boys Choir,"      Maryjo Mattea and Uptown Boys Choir     ","        Thursday 28 April 2016"
Songbyrd,Milf,"      Milf     ","        Saturday 07 May 2016"
Songbyrd,Flashband,"      Flashband     ","        Saturday 14 May 2016"
Songbyrd,Be Steadwell,"      Be Steadwell     ","        Friday 08 July 2016"
Songbyrd,Snail Mail and Broken Beak,"      Snail Mail and Broken Beak     ","        Sunday 10 July 2016"
Songbyrd,Terry Mcdermott,"      Terry Mcdermott, Emma G    ","        Friday 22 July 2016"
Songbyrd,Foozle and Go Cozy,"      Foozle and Go Cozy     ","        Friday 29 July 2016"
Songbyrd,Jackie Lynn and Flash Frequency,"      Jackie Lynn and Flash Frequency     ","        Tuesday 16 August 2016"
Songbyrd,Tempest,"      Tempest     ","        Wednesday 17 August 2016"
Songbyrd,GiGi Holliday,"      GiGi Holliday     ","        Friday 09 September 2016"
Songbyrd,Dope Francis and Milk Money,"      Dope Francis and Milk Money     ","        Saturday 17 September 2016"
Songbyrd,April and the Cornel West theory,"      April and the Cornel West theory     ","        Thursday 22 September 2016"
Songbyrd,"DJ Kidd Marvel, Ciscero, Last Niight, NagChampa (DC), St.Clair Castro, and Meche Korrect","      DJ Kidd Marvel, Ciscero, Last Niight, NagChampa (DC), St.Clair Castro, and Meche Korrect     ","        Sunday 30 October 2016"
Songbyrd,"Emma G, Eli Lev, and Rex","      Emma G, Eli Lev, and Rex     ","        Thursday 03 November 2016"
Songbyrd,"Hello Shark, tall friend, Thelma, and gobbinjr","      Hello Shark, tall friend, Thelma, and gobbinjr     ","        Sunday 06 November 2016"
Songbyrd,Savoy Motel,"      Savoy Motel, Escape-ism    ","        Sunday 13 November 2016"
Songbyrd,Andie Case,"      Andie Case     ","        Saturday 03 December 2016"
Songbyrd,Julie Outrage,"      Julie Outrage     ","        Saturday 10 December 2016"
Songbyrd,Trunkweed and Hoops (IN),"      Trunkweed and Hoops (IN)     ","        Sunday 21 August 2016"
Songbyrd,JOHNNY POPCORN,"      JOHNNY POPCORN     ","        Thursday 08 December 2016"
Songbyrd,Sad13,"      Sad13, Vagabon and Sam Evian    ","        Friday 18 November 2016"
Songbyrd,Homeshake,"      Homeshake     ","        Tuesday 08 August 2017"
Songbyrd,Daniel Caesar,"      Daniel Caesar, Snoh Aalegra    ","        Friday 20 October 2017"
Songbyrd,Tank and the Bangas,"      Tank and the Bangas, Sweet Crude    ","        Friday 21 July 2017"
Songbyrd,Big Thief,"      Big Thief, Palehound and Snail Mail    ","        Saturday 25 March 2017"
Songbyrd,Chastity Belt,"      Chastity Belt, Darren Hanlon and Den-Mate    ","        Friday 23 June 2017"
Songbyrd,Tei Shi,"      Tei Shi     ","        Friday 12 May 2017"
Songbyrd,Xiu Xiu,"      Xiu Xiu     ","        Monday 10 April 2017"
Songbyrd,Saba,"      Saba, Sylvan LaCue, Caleborate, and Joseph Chilliams    ","        Friday 24 March 2017"
Songbyrd,Coast Modern,"      Coast Modern, Sundara Karma    ","        Friday 14 April 2017"
Songbyrd,Smino,"      Smino, Monte Booker    ","        Sunday 07 May 2017"
Songbyrd,Kevin Abstract,"      Kevin Abstract     ","        Thursday 09 March 2017"
Songbyrd,Princess Nokia,"      Princess Nokia, Gump    ","        Friday 31 March 2017"
Songbyrd,"The Hotelier, Oso Oso, and Alex Napping","      The Hotelier, Oso Oso, and Alex Napping     ","        Friday 03 November 2017"
Songbyrd,Xiu Xiu,"      Xiu Xiu, Re-TROS Band    ","        Friday 15 September 2017"
Songbyrd,Big Thief,"      Big Thief, Infinity Crush and Twain    ","        Thursday 27 April 2017"
Songbyrd,Skylar Spence,"      Skylar Spence     ","        Saturday 14 October 2017"
Songbyrd,Teen Daze,"      Teen Daze, Rivers Wilder Green    ","        Tuesday 12 September 2017"
Songbyrd,Mothers (GA),"      Mothers (GA)     ","        Thursday 26 January 2017"
Songbyrd,Hey Violet,"      Hey Violet, Jessarae    ","        Friday 17 March 2017"
Songbyrd,Cayetana,"      Cayetana, Worriers and Camp Cope    ","        Thursday 06 July 2017"
Songbyrd,Moonchild,"      Moonchild, Sound Of The City    ","        Tuesday 30 May 2017"
Songbyrd,Nick Hakim,"      Nick Hakim     ","        Saturday 28 January 2017"
Songbyrd,Nick Hakim,"      Nick Hakim     ","        Saturday 25 February 2017"
Songbyrd,Jamila Woods,"      Jamila Woods     ","        Saturday 29 July 2017"
Songbyrd,Mystery Skulls,"      Mystery Skulls, Phone Call and Hey DW!    ","        Thursday 09 November 2017"
Songbyrd,LVL UP,"      LVL UP, Romantic States and Bad Moves    ","        Tuesday 10 October 2017"
Songbyrd,LiL PEEP,"      LiL PEEP     ","        Tuesday 18 April 2017"
Songbyrd,Allie X,"      Allie X, Oyinda    ","        Thursday 31 August 2017"
Songbyrd,Blanck Mass,"      Blanck Mass     ","        Wednesday 06 September 2017"
Songbyrd,Esme Patterson,"      Esme Patterson, Cinema Hearts    ","        Wednesday 01 February 2017"
Songbyrd,City of the Sun,"      City of the Sun, Dope Francis    ","        Sunday 16 April 2017"
Songbyrd,Blossoms,"      Blossoms, Wilderado    ","        Saturday 03 June 2017"
Songbyrd,Ray BLK,"      Ray BLK     ","        Thursday 15 June 2017"
Songbyrd,Little Hurricane,"      Little Hurricane, Jennifer Hall    ","        Wednesday 12 April 2017"
Songbyrd,Rozwell Kid,"      Rozwell Kid, Chris Farren and Great Grandpa    ","        Tuesday 01 August 2017"
Songbyrd,Loyle Carner,"      Loyle Carner     ","        Sunday 21 May 2017"
Songbyrd,Mix Master Mike,"      Mix Master Mike     ","        Friday 25 August 2017"
Songbyrd,Ó and Bellows,"      Ó and Bellows     ","        Saturday 09 September 2017"
Songbyrd,R.LUM.R,"      R.LUM.R     ","        Tuesday 14 November 2017"
Songbyrd,"They, IshDARR, and Ezko","      They, IshDARR, and Ezko     ","        Tuesday 21 March 2017"
Songbyrd,Blank Range,"      Blank Range, Jessica Lea Mayfield    ","        Saturday 21 October 2017"
Songbyrd,Princess Nokia,"      Princess Nokia, DJ Ayes Cold and Gump    ","        Friday 31 March 2017"
Songbyrd,Grace Mitchell,"      Grace Mitchell, Surf Rock is Dead and NAH. (DC)    ","        Monday 31 July 2017"
Songbyrd,Joey Purp,"      Joey Purp, Kami De Chukwu    ","        Saturday 11 March 2017"
Songbyrd,Taylor Bennett,"      Taylor Bennett     ","        Friday 07 April 2017"
Songbyrd,Alex Wiley,"      Alex Wiley     ","        Thursday 06 April 2017"
Songbyrd,Bad Rabbits,"      Bad Rabbits, Gump    ","        Saturday 22 July 2017"
Songbyrd,Jessica Hernandez and the Deltas,"      Jessica Hernandez and the Deltas, Sweet Crude and Angelica Garcia    ","        Saturday 10 June 2017"
Songbyrd,Jay Prince,"      Jay Prince     ","        Saturday 19 August 2017"
Songbyrd,Wildhoney and Froth,"      Wildhoney and Froth     ","        Wednesday 26 April 2017"
Songbyrd,Vetiver,"      Vetiver, Johnny Irion    ","        Thursday 05 October 2017"
Songbyrd,Ella Vos,"      Ella Vos     ","        Tuesday 13 June 2017"
Songbyrd,Matt Pryor and Dan Andriano,"      Matt Pryor and Dan Andriano, foster carrots and Lily Pryor    ","        Saturday 15 April 2017"
Songbyrd,Bombadil,"      Bombadil     ","        Saturday 01 April 2017"
Songbyrd,John K. Samson,"      John K. Samson     ","        Monday 03 April 2017"
Songbyrd,Haux,"      Haux, AISHA BADRU    ","        Saturday 29 April 2017"
Songbyrd,Mourn,"      Mourn, Venn (DC)    ","        Thursday 07 September 2017"
Songbyrd,Dent May,"      Dent May, Poppy Patica    ","        Sunday 10 September 2017"
Songbyrd,Kodie Shane,"      Kodie Shane     ","        Saturday 30 September 2017"
Songbyrd,Bellows,"      Bellows, Fraternal Twin and Stolen Jars    ","        Friday 28 July 2017"
Songbyrd,Elf Power,"      Elf Power     ","        Friday 26 May 2017"
Songbyrd,Khalid,"      Khalid     ","        Saturday 21 January 2017"
Songbyrd,Lostboycrow,"      Lostboycrow, Prelow    ","        Sunday 05 November 2017"
Songbyrd,Public Access T.V.,"      Public Access T.V., SPLASHH and The Britanys    ","        Friday 20 January 2017"
Songbyrd,Jacuzzi Boys,"      Jacuzzi Boys, The Duskwhales    ","        Monday 13 March 2017"
Songbyrd,Lauv,"      Lauv, Prelow    ","        Tuesday 06 June 2017"
Songbyrd,Boogarins,"      Boogarins, Modern Nomad    ","        Saturday 01 July 2017"
Songbyrd,Drab Majesty,"      Drab Majesty     ","        Friday 22 September 2017"
Songbyrd,Mimicking Birds,"      Mimicking Birds, foster carrots    ","        Monday 16 October 2017"
Songbyrd,Sam Outlaw,"      Sam Outlaw, Dori Freeman    ","        Monday 17 April 2017"
Songbyrd,daniel skye,"      daniel skye     ","        Sunday 25 June 2017"
Songbyrd,Shoffy,"      Shoffy     ","        Friday 13 October 2017"
Songbyrd,Joyner Lucas,"      Joyner Lucas     ","        Sunday 15 October 2017"
Songbyrd,Witt Lowry,"      Witt Lowry     ","        Thursday 12 October 2017"
Songbyrd,Julie Byrne,"      Julie Byrne, Baby Bry Bry    ","        Friday 24 February 2017"
Songbyrd,Little Simz,"      Little Simz, CJ Fly    ","        Tuesday 28 February 2017"
Songbyrd,"Mona, Irontom, and Jillette Johnson","      Mona, Irontom, and Jillette Johnson, Zeke Duhon and Stewart Lewis    ","        Wednesday 10 May 2017"
Songbyrd,The Sidekicks,"      The Sidekicks, Pkew Pkew Pkew, Dot Dash, Dead End Lane, FlowerBomb, Restorations, Honah Lee, Boardroom Heroes, American Television, Teen Death, and More AM Than FM    ","        Friday 05 May 2017"
Songbyrd,P.O.S,"      P.O.S, Metasota, Transit22, and DJ Fundo    ","        Saturday 18 November 2017"
Songbyrd,Palmistry,"      Palmistry, Flash Frequency    ","        Sunday 22 January 2017"
Songbyrd,Tkay Maidza,"      Tkay Maidza     ","        Wednesday 24 May 2017"
Songbyrd,Jessie Reyez,"      Jessie Reyez     ","        Friday 09 June 2017"
Songbyrd,Bryce Vine,"      Bryce Vine, Zak Downtown    ","        Sunday 13 August 2017"
Songbyrd,Sam Amidon,"      Sam Amidon     ","        Sunday 08 October 2017"
Songbyrd,Tall Heights,"      Tall Heights     ","        Wednesday 18 October 2017"
Songbyrd,Bright Light Bright Light,"      Bright Light Bright Light, Drive TFC    ","        Thursday 22 June 2017"
Songbyrd,Alex Cameron,"      Alex Cameron, Baby Bry Bry and Jack Ladder    ","        Monday 02 October 2017"
Songbyrd,Katastro,"      Katastro, Pacific Dub and Higher Education    ","        Sunday 04 June 2017"
Songbyrd,Samantha Crain,"      Samantha Crain, Jarrod Dickenson    ","        Thursday 18 May 2017"
Songbyrd,Bash & Pop,"      Bash & Pop, BRNDA    ","        Friday 19 May 2017"
Songbyrd,Dude York and PAWS,"      Dude York and PAWS     ","        Thursday 23 March 2017"
Songbyrd,Shinyribs,"      Shinyribs     ","        Monday 04 September 2017"
Songbyrd,Colter Wall,"      Colter Wall     ","        Sunday 22 October 2017"
Songbyrd,Reva DeVito,"      Reva DeVito, B. Bravo, GRUMBY, and DJ Ayes Cold    ","        Saturday 11 February 2017"
Songbyrd,The Temperance Movement,"      The Temperance Movement     ","        Sunday 09 April 2017"
Songbyrd,Busty And The Bass,"      Busty And The Bass     ","        Friday 17 February 2017"
Songbyrd,Authority Zero,"      Authority Zero, The Supervillains    ","        Saturday 26 August 2017"
Songbyrd,Gracie and Rachel and Henry Jamison,"      Gracie and Rachel and Henry Jamison     ","        Wednesday 30 August 2017"
Songbyrd,Palm,"      Palm, Horse Lords and Dove Lady    ","        Wednesday 22 February 2017"
Songbyrd,Gibbz,"      Gibbz     ","        Friday 27 January 2017"
Songbyrd,New Madrid and David Barbe,"      New Madrid and David Barbe     ","        Friday 16 June 2017"
Songbyrd,Lola Marsh,"      Lola Marsh     ","        Saturday 24 June 2017"
Songbyrd,Wild Rivers,"      Wild Rivers     ","        Friday 14 July 2017"
Songbyrd,Wilsen,"      Wilsen, Inland Ocean    ","        Thursday 28 September 2017"
Songbyrd,Curtis Harding,"      Curtis Harding     ","        Saturday 04 November 2017"
Songbyrd,Omni,"      Omni     ","        Wednesday 15 November 2017"
Songbyrd,City of the Sun,"      City of the Sun     ","        Friday 17 November 2017"
Songbyrd,Willie Watson,"      Willie Watson, Suzanne Santo    ","        Monday 23 October 2017"
Songbyrd,Restorations,"      Restorations, Honah Lee, Aspiga, Boardroom Heroes, American Television, Teen Death, and More AM Than FM    ","        Saturday 06 May 2017"
Songbyrd,The Holdup,"      The Holdup, Zach Bellas and Feel Free    ","        Wednesday 21 June 2017"
Songbyrd,Saywecanfly and Call Me Karizma,"      Saywecanfly and Call Me Karizma, Marina City    ","        Friday 30 June 2017"
Songbyrd,Beya Likhari,"      Beya Likhari     ","        Saturday 07 January 2017"
Songbyrd,Andy Suzuki & the Method,"      Andy Suzuki & the Method, The Sunbathers    ","        Friday 04 August 2017"
Songbyrd,Tyler Childers,"      Tyler Childers     ","        Friday 29 September 2017"
Songbyrd,Opia,"      Opia, Alex Vaughn    ","        Thursday 26 October 2017"
Songbyrd,Tender,"      Tender, LANNDS    ","        Sunday 24 September 2017"
Songbyrd,Calm and Crisis,"      Calm and Crisis, Black Dog Prowl and Stocksmile    ","        Friday 21 April 2017"
Songbyrd,Roadkill Ghost Choir and Walker Lukens,"      Roadkill Ghost Choir and Walker Lukens     ","        Monday 19 June 2017"
Songbyrd,William Clark Green,"      William Clark Green, Ross Cooper and Shane Gamble    ","        Wednesday 13 September 2017"
Songbyrd,Reverend Peyton's Big Damn Band,"      Reverend Peyton's Big Damn Band     ","        Friday 10 November 2017"
Songbyrd,That 1 Guy,"      That 1 Guy     ","        Sunday 19 February 2017"
Songbyrd,The Claudia Quintet,"      The Claudia Quintet, Janel and Anthony    ","        Monday 15 May 2017"
Songbyrd,Miles Mosley,"      Miles Mosley     ","        Saturday 27 May 2017"
Songbyrd,"Vasudeva, Gates, and Head North","      Vasudeva, Gates, and Head North     ","        Tuesday 20 June 2017"
Songbyrd,Alvarez Kings and Animal Sun,"      Alvarez Kings and Animal Sun     ","        Saturday 17 June 2017"
Songbyrd,Zoogma,"      Zoogma, Wax Future    ","        Saturday 12 August 2017"
Songbyrd,Michigan Rattlers,"      Michigan Rattlers     ","        Monday 28 August 2017"
Songbyrd,Black Masala,"      Black Masala     ","        Friday 08 September 2017"
Songbyrd,Jillette Johnson,"      Jillette Johnson     ","        Wednesday 27 September 2017"
Songbyrd,Kelsey Waldon and Paul Cauthen,"      Kelsey Waldon and Paul Cauthen     ","        Wednesday 20 September 2017"
Songbyrd,"Slaughter Beach, Dog","      Slaughter Beach, Dog, Shannen Moser and Bleary Eyed    ","        Sunday 06 August 2017"
Songbyrd,A.CHAL,"      A.CHAL, NESTA    ","        Sunday 03 September 2017"
Songbyrd,"Aaron ""Ab"" Abernathy","      Aaron ""Ab"" Abernathy     ","        Tuesday 14 February 2017"
Songbyrd,Moullinex,"      Moullinex, Da Chick    ","        Monday 20 March 2017"
Songbyrd,Kawehi,"      Kawehi, Tyler Boone    ","        Thursday 13 April 2017"
Songbyrd,Volumes,"      Volumes     ","        Monday 08 May 2017"
Songbyrd,Nassau,"      Nassau, Keeper    ","        Saturday 15 July 2017"
Songbyrd,Ciscero,"      Ciscero, Mista Selecta    ","        Thursday 27 July 2017"
Songbyrd,Marlon Craft,"      Marlon Craft, Grammar    ","        Saturday 02 September 2017"
Songbyrd,Mothica and saba abraha,"      Mothica and saba abraha     ","        Friday 06 October 2017"
Songbyrd,KeithCharles,"      KeithCharles     ","        Wednesday 05 April 2017"
Songbyrd,Pronoun,"      Pronoun, Us and Us Only    ","        Thursday 29 June 2017"
Songbyrd,The Kufi Smacker (TKS),"      The Kufi Smacker (TKS), Dreamcast, SiR E.U, and RobSmokesBands    ","        Saturday 15 April 2017"
Songbyrd,Sidewalk Chalk and Madison McFerrin,"      Sidewalk Chalk and Madison McFerrin     ","        Monday 12 June 2017"
Songbyrd,Year of the Ox,"      Year of the Ox     ","        Saturday 04 February 2017"
Songbyrd,Hand Habits,"      Hand Habits     ","        Saturday 18 February 2017"
Songbyrd,Colonies,"      Colonies     ","        Saturday 04 March 2017"
Songbyrd,The Names,"      The Names, Dominic Fragman    ","        Thursday 20 April 2017"
Songbyrd,Hamish Anderson,"      Hamish Anderson     ","        Wednesday 14 June 2017"
Songbyrd,Elena & Los Fulanos,"      Elena & Los Fulanos     ","        Saturday 05 August 2017"
Songbyrd,Caddywhompus,"      Caddywhompus     ","        Tuesday 05 September 2017"
Songbyrd,Vattnet Viskar,"      Vattnet Viskar     ","        Saturday 16 September 2017"
Songbyrd,Grace Weber,"      Grace Weber     ","        Sunday 17 September 2017"
Songbyrd,Muscadine Bloodline,"      Muscadine Bloodline     ","        Thursday 14 September 2017"
Songbyrd,Twinsmith,"      Twinsmith     ","        Wednesday 04 October 2017"
Songbyrd,SonReal,"      SonReal     ","        Friday 01 December 2017"
Songbyrd,Alex Napping,"      Alex Napping, Julian, Citris, and Poppy Patica    ","        Tuesday 16 May 2017"
Songbyrd,Holly Macve and Tim McBride,"      Holly Macve and Tim McBride     ","        Saturday 20 May 2017"
Songbyrd,Uptown Boys Choir and Jason Weems,"      Uptown Boys Choir and Jason Weems     ","        Thursday 02 February 2017"
Songbyrd,The Rolling Stones' Exile on Main Street,"      The Rolling Stones' Exile on Main Street     ","        Sunday 18 June 2017"
Songbyrd,Mir Fontane,"      Mir Fontane, Tate Kobang    ","        Monday 26 June 2017"
Songbyrd,Dear Nora,"      Dear Nora, Hello Shark and Nicholas Krgovich    ","        Monday 11 September 2017"
Songbyrd,GiGi Holliday,"      GiGi Holliday     ","        Friday 10 February 2017"
Songbyrd,Jk Pop,"      Jk Pop     ","        Saturday 04 March 2017"
Songbyrd,Bond St. District and Blacksage,"      Bond St. District and Blacksage     ","        Friday 10 March 2017"
Songbyrd,Odell Fox,"      Odell Fox     ","        Saturday 22 April 2017"
Songbyrd,Marbin,"      Marbin     ","        Monday 01 May 2017"
Songbyrd,Nappy Nappa,"      Nappy Nappa, Super Nike Nando    ","        Saturday 13 May 2017"
Songbyrd,The Rolling Stones' Exile on Main Street,"      The Rolling Stones' Exile on Main Street     ","        Sunday 14 May 2017"
Songbyrd,Kyle Bent,"      Kyle Bent     ","        Sunday 28 May 2017"
Songbyrd,Flash Frequency,"      Flash Frequency     ","        Tuesday 28 February 2017"
Songbyrd,"Candice Mills Music, Dara Z, and ILL Uma Naughty","      Candice Mills Music, Dara Z, and ILL Uma Naughty     ","        Thursday 30 March 2017"
Songbyrd,Quisque,"      Quisque, Hojo, Nightcorey, and The Lothario (DC)    ","        Saturday 04 March 2017"
Songbyrd,Siimba Liives Long,"      Siimba Liives Long     ","        Thursday 23 February 2017"
Songbyrd,Los Colognes,"      Los Colognes, Gene Evaro, Jr. and Venn (DC)    ","        Sunday 18 June 2017"
Songbyrd,Sean Barna,"      Sean Barna, Ghost Lit Kingdom    ","        Sunday 02 July 2017"
Songbyrd,Sam O.B.,"      Sam O.B.     ","        Thursday 13 July 2017"
Songbyrd,Katie Von Schleicher,"      Katie Von Schleicher     ","        Thursday 03 August 2017"
Songbyrd,The Howling Tongues and Behold the Brave,"      The Howling Tongues and Behold the Brave, Drive TFC    ","        Wednesday 09 August 2017"
Songbyrd,Crue,"      Crue     ","        Friday 11 August 2017"
Songbyrd,Sydney Franklin,"      Sydney Franklin, Luke James Shaffer    ","        Tuesday 15 August 2017"
Songbyrd,The Mattson2,"      The Mattson2     ","        Wednesday 23 August 2017"
Songbyrd,Kur...,"      Kur...     ","        Thursday 24 August 2017"
Songbyrd,Born I and Born I Music,"      Born I and Born I Music, Tre Justice    ","        Sunday 27 August 2017"
Songbyrd,Path (NJ),"      Path (NJ)     ","        Friday 01 September 2017"
Songbyrd,Park Snakes,"      Park Snakes     ","        Monday 18 September 2017"
Songbyrd,Katie Von Schleicher,"      Katie Von Schleicher, Poppy Patica    ","        Monday 25 September 2017"
Songbyrd,Angelo De Augustine,"      Angelo De Augustine, Keeper    ","        Tuesday 17 October 2017"
Songbyrd,Van Gordon Martin,"      Van Gordon Martin     ","        Saturday 28 October 2017"
Songbyrd,Pavlov's Dogs,"      Pavlov's Dogs     ","        Sunday 12 November 2017"
Songbyrd,Colleen,"      Colleen     ","        Sunday 19 November 2017"
Songbyrd,Opal,"      Opal     ","        Friday 08 December 2017"
Songbyrd,Joshua Davis,"      Joshua Davis     ","        Saturday 07 October 2017"
Songbyrd,Daphne Willis,"      Daphne Willis     ","        Monday 09 October 2017"