venue,headliner,support,date
Warner Theatre,Dweezil Zappa,"      Dweezil Zappa     ","        Monday 30 October 2006"
Warner Theatre,Brian Wilson,"      Brian Wilson, Al Jardine    ","        Saturday 18 November 2006"
Warner Theatre,Dave Chappelle,"      Dave Chappelle     ","        Thursday 24 August 2006"
Warner Theatre,Donald Fagen,"      Donald Fagen     ","        Monday 06 March 2006"
Warner Theatre,Alice Cooper,"      Alice Cooper     ","        Monday 23 October 2006"
Warner Theatre,Bob Weir & RatDog,"      Bob Weir & RatDog     ","        Monday 27 March 2006"
Warner Theatre,Gov't Mule,"      Gov't Mule     ","        Friday 15 September 2006"
Warner Theatre,INXS,"      INXS     ","        Saturday 18 February 2006"
Warner Theatre,Bob Weir & RatDog,"      Bob Weir & RatDog     ","        Sunday 05 November 2006"
Warner Theatre,The String Cheese Incident,"      The String Cheese Incident     ","        Thursday 12 October 2006"
Warner Theatre,The String Cheese Incident,"      The String Cheese Incident     ","        Friday 13 October 2006"
Warner Theatre,Daryl Hall & John Oates,"      Daryl Hall & John Oates     ","        Monday 20 March 2006"
Warner Theatre,Widespread Panic,"      Widespread Panic     ","        Saturday 07 April 2007"
Warner Theatre,"""Weird Al"" Yankovic","      ""Weird Al"" Yankovic     ","        Thursday 16 August 2007"
Warner Theatre,The Disco Biscuits,"      The Disco Biscuits     ","        Wednesday 24 October 2007"
Warner Theatre,Widespread Panic,"      Widespread Panic     ","        Friday 06 April 2007"
Warner Theatre,Vance Gilbert,"      Vance Gilbert     ","        Saturday 21 April 2007"
Warner Theatre,MOE.,"      MOE.     ","        Thursday 08 February 2007"
Warner Theatre,B̩la Fleck and Chick Corea,"      B̩la Fleck and Chick Corea     ","        Saturday 03 March 2007"
Warner Theatre,Brad Mehldau,"      Brad Mehldau, Pat Metheny, Jeff Ballard, and Larry Grenadier    ","        Thursday 12 April 2007"
Warner Theatre,Musiq Soulchild,"      Musiq Soulchild     ","        Thursday 06 September 2007"
Warner Theatre,Aaron Lewis,"      Aaron Lewis     ","        Thursday 23 August 2007"
Warner Theatre,Ben Harper,"      Ben Harper, The Innocent Criminals and Ben Harper & The Innocent Criminals    ","        Monday 17 September 2007"
Warner Theatre,Brian Regan,"      Brian Regan     ","        Saturday 08 September 2007"
Warner Theatre,Clay Aiken,"      Clay Aiken     ","        Sunday 02 December 2007"
Warner Theatre,Cirque Dreams,"      Cirque Dreams     ","        Tuesday 11 September 2007"
Warner Theatre,Cirque Dreams,"      Cirque Dreams     ","        Wednesday 12 September 2007"
Warner Theatre,Cirque Dreams,"      Cirque Dreams     ","        Thursday 13 September 2007"
Warner Theatre,Cirque Dreams,"      Cirque Dreams     ","        Friday 14 September 2007"
Warner Theatre,Cirque Dreams,"      Cirque Dreams     ","        Saturday 15 September 2007"
Warner Theatre,Cirque Dreams,"      Cirque Dreams     ","        Sunday 16 September 2007"
Warner Theatre,Whatever She Wants,"      Whatever She Wants     ","        Tuesday 18 September 2007"
Warner Theatre,Whatever She Wants,"      Whatever She Wants     ","        Wednesday 19 September 2007"
Warner Theatre,Whatever She Wants,"      Whatever She Wants     ","        Thursday 20 September 2007"
Warner Theatre,Whatever She Wants,"      Whatever She Wants     ","        Friday 21 September 2007"
Warner Theatre,Whatever She Wants,"      Whatever She Wants     ","        Saturday 22 September 2007"
Warner Theatre,Whatever She Wants,"      Whatever She Wants, George Carlin and Vance Gilbert    ","        Sunday 23 September 2007"
Warner Theatre,Where The Wild Things Are,"      Where The Wild Things Are     ","        Friday 02 November 2007"
Warner Theatre,Where The Wild Things Are,"      Where The Wild Things Are     ","        Saturday 03 November 2007"
Warner Theatre,Where The Wild Things Are,"      Where The Wild Things Are     ","        Sunday 04 November 2007"
Warner Theatre,The Nutcracker,"      The Nutcracker     ","        Friday 14 December 2007"
Warner Theatre,The Nutcracker,"      The Nutcracker     ","        Saturday 15 December 2007"
Warner Theatre,The Nutcracker,"      The Nutcracker     ","        Wednesday 19 December 2007"
Warner Theatre,The Nutcracker,"      The Nutcracker     ","        Thursday 20 December 2007"
Warner Theatre,The Nutcracker,"      The Nutcracker     ","        Friday 21 December 2007"
Warner Theatre,The Nutcracker,"      The Nutcracker     ","        Saturday 22 December 2007"
Warner Theatre,The Nutcracker,"      The Nutcracker     ","        Thursday 06 December 2007"
Warner Theatre,The Nutcracker,"      The Nutcracker     ","        Friday 07 December 2007"
Warner Theatre,The Nutcracker,"      The Nutcracker     ","        Saturday 08 December 2007"
Warner Theatre,The Nutcracker,"      The Nutcracker     ","        Wednesday 12 December 2007"
Warner Theatre,The Nutcracker,"      The Nutcracker     ","        Thursday 13 December 2007"
Warner Theatre,Sweet Honey In the Rock,"      Sweet Honey In the Rock     ","        Friday 26 October 2007"
Warner Theatre,Eartha Kitt,"      Eartha Kitt     ","        Saturday 10 November 2007"
Warner Theatre,Chaka Khan,"      Chaka Khan, After 7    ","        Sunday 11 November 2007"
Warner Theatre,The Nutcracker,"      The Nutcracker     ","        Sunday 16 December 2007"
Warner Theatre,The Nutcracker,"      The Nutcracker     ","        Sunday 23 December 2007"
Warner Theatre,Patty Griffin and Jimmy Vivino,"      Patty Griffin and Jimmy Vivino, Terremoto and The Fab Faux    ","        Tuesday 17 April 2007"
Warner Theatre,John Prine,"      John Prine, Dan Reeder    ","        Friday 15 June 2007"
Warner Theatre,Joe Satriani,"      Joe Satriani     ","        Friday 13 April 2007"
Warner Theatre,Dweezil Zappa,"      Dweezil Zappa     ","        Wednesday 07 November 2007"
Warner Theatre,Eddie Vedder,"      Eddie Vedder     ","        Sunday 17 August 2008"
Warner Theatre,Widespread Panic,"      Widespread Panic     ","        Tuesday 01 April 2008"
Warner Theatre,Widespread Panic,"      Widespread Panic     ","        Wednesday 02 April 2008"
Warner Theatre,David Byrne,"      David Byrne     ","        Sunday 09 November 2008"
Warner Theatre,Andrew Dice Clay,"      Andrew Dice Clay     ","        Friday 04 April 2008"
Warner Theatre,Lewis Black,"      Lewis Black     ","        Sunday 18 May 2008"
Warner Theatre,Eddie Vedder,"      Eddie Vedder     ","        Saturday 16 August 2008"
Warner Theatre,Jackson Browne,"      Jackson Browne     ","        Monday 15 September 2008"
Warner Theatre,Cheech & Chong,"      Cheech & Chong     ","        Saturday 13 September 2008"
Warner Theatre,Brian Wilson,"      Brian Wilson     ","        Tuesday 18 November 2008"
Warner Theatre,Bob Weir & RatDog,"      Bob Weir & RatDog, Bob Weir    ","        Wednesday 05 November 2008"
Warner Theatre,The Nutcracker,"      The Nutcracker     ","        Tuesday 09 December 2008"
Warner Theatre,Larry The Cable Guy,"      Larry The Cable Guy     ","        Saturday 16 February 2008"
Warner Theatre,Colin Mochrie & Brad Sherwood from Whose Line Is It Anyway,"      Colin Mochrie & Brad Sherwood from Whose Line Is It Anyway, Colin Mochrie & Brad Sherwood    ","        Saturday 12 April 2008"
Warner Theatre,Frank Caliendo,"      Frank Caliendo     ","        Saturday 26 January 2008"
Warner Theatre,Larry The Cable Guy,"      Larry The Cable Guy     ","        Friday 15 February 2008"
Warner Theatre,Aeros,"      Aeros     ","        Friday 08 February 2008"
Warner Theatre,Aeros,"      Aeros     ","        Saturday 09 February 2008"
Warner Theatre,Larry The Cable Guy,"      Larry The Cable Guy     ","        Sunday 17 February 2008"
Warner Theatre,Jimmy Vivino,"      Jimmy Vivino, The Fab Faux    ","        Saturday 26 April 2008"
Warner Theatre,The High Kings,"      The High Kings     ","        Wednesday 21 May 2008"
Warner Theatre,Sommore,"      Sommore     ","        Saturday 22 March 2008"
Warner Theatre,Lewis Black,"      Lewis Black     ","        Thursday 15 May 2008"
Warner Theatre,Lewis Black,"      Lewis Black     ","        Friday 16 May 2008"
Warner Theatre,"""Weird Al"" Yankovic","      ""Weird Al"" Yankovic     ","        Saturday 12 July 2008"
Warner Theatre,Kids in the Hall,"      Kids in the Hall     ","        Saturday 03 May 2008"
Warner Theatre,Lewis Black,"      Lewis Black     ","        Saturday 17 May 2008"
Warner Theatre,The High Kings,"      The High Kings     ","        Tuesday 23 September 2008"
Warner Theatre,George Lopez,"      George Lopez, Bryan Kellen    ","        Friday 03 October 2008"
Warner Theatre,George Lopez,"      George Lopez, Bryan Kellen    ","        Saturday 04 October 2008"
Warner Theatre,Culture Shock,"      Culture Shock     ","        Saturday 24 May 2008"
Warner Theatre,Millie Jackson,"      Millie Jackson, Clarence Carter    ","        Saturday 14 June 2008"
Warner Theatre,Bob Saget,"      Bob Saget     ","        Friday 06 June 2008"
Warner Theatre,Mike Brooks,"      Mike Brooks, Biz Markie    ","        Thursday 05 June 2008"
Warner Theatre,Sinbad,"      Sinbad     ","        Saturday 18 October 2008"
Warner Theatre,George Lopez,"      George Lopez, Bryan Kellen    ","        Sunday 05 October 2008"
Warner Theatre,Mylin,"      Mylin, Stephen Cochran    ","        Saturday 26 July 2008"
Warner Theatre,Daniel Beaty,"      Daniel Beaty     ","        Saturday 02 August 2008"
Warner Theatre,Joe Satriani,"      Joe Satriani, Mountain featuring Leslie West & Corky Laing    ","        Thursday 23 October 2008"
Warner Theatre,Bob Newhart,"      Bob Newhart     ","        Friday 05 September 2008"
Warner Theatre,Savion Glover,"      Savion Glover     ","        Thursday 16 October 2008"
Warner Theatre,Savion Glover,"      Savion Glover     ","        Friday 17 October 2008"
Warner Theatre,Sweet Honey In the Rock,"      Sweet Honey In the Rock     ","        Friday 24 October 2008"
Warner Theatre,Cassandra Wilson,"      Cassandra Wilson     ","        Saturday 08 November 2008"
Warner Theatre,Cassandra Wilson,"      Cassandra Wilson     ","        Monday 11 August 2008"
Warner Theatre,The Australian Pink Floyd Show,"      The Australian Pink Floyd Show     ","        Sunday 12 October 2008"
Warner Theatre,Bob Weir & RatDog,"      Bob Weir & RatDog, Bob Weir    ","        Thursday 06 November 2008"
Warner Theatre,Usher,"      Usher     ","        Tuesday 04 November 2008"
Warner Theatre,Will Downing,"      Will Downing, Lalah Hathaway and Gerald Albright    ","        Saturday 29 November 2008"
Warner Theatre,W. Downing,"      W. Downing, L. Hathaway and G. Albright    ","        Saturday 29 November 2008"
Warner Theatre,Joel McHale,"      Joel McHale     ","        Friday 07 November 2008"
Warner Theatre,Louis CK,"      Louis CK     ","        Friday 21 November 2008"
Warner Theatre,Leslie West,"      Leslie West     ","        Thursday 23 October 2008"
Warner Theatre,"Go, Diego, Go Live!","      Go, Diego, Go Live!     ","        Friday 07 March 2008"
Warner Theatre,"Go, Diego, Go Live!","      Go, Diego, Go Live!     ","        Sunday 09 March 2008"
Warner Theatre,"Go, Diego, Go Live!","      Go, Diego, Go Live!, Axis of Evil    ","        Saturday 08 March 2008"
Warner Theatre,Lyle Lovett,"      Lyle Lovett, John Hiatt    ","        Sunday 19 October 2008"
Warner Theatre,Chaka Khan,"      Chaka Khan, Musiq Soulchild    ","        Thursday 14 August 2008"
Warner Theatre,The Backyardigans,"      The Backyardigans     ","        Sunday 29 June 2008"
Warner Theatre,The Backyardigans,"      The Backyardigans     ","        Friday 27 June 2008"
Warner Theatre,The Backyardigans,"      The Backyardigans     ","        Saturday 28 June 2008"
Warner Theatre,The Nutcracker,"      The Nutcracker     ","        Friday 19 December 2008"
Warner Theatre,The Nutcracker,"      The Nutcracker     ","        Tuesday 16 December 2008"
Warner Theatre,The Nutcracker,"      The Nutcracker     ","        Saturday 20 December 2008"
Warner Theatre,The Nutcracker,"      The Nutcracker     ","        Friday 26 December 2008"
Warner Theatre,The Nutcracker,"      The Nutcracker     ","        Saturday 27 December 2008"
Warner Theatre,The Nutcracker,"      The Nutcracker     ","        Wednesday 24 December 2008"
Warner Theatre,The Nutcracker,"      The Nutcracker     ","        Tuesday 23 December 2008"
Warner Theatre,The Nutcracker,"      The Nutcracker     ","        Sunday 21 December 2008"
Warner Theatre,The Nutcracker,"      The Nutcracker     ","        Sunday 28 December 2008"
Warner Theatre,Margaret Cho,"      Margaret Cho, Liam Sullivan    ","        Friday 11 April 2008"
Warner Theatre,Margaret Cho,"      Margaret Cho, Liam Sullivan    ","        Thursday 10 April 2008"
Warner Theatre,Morrissey,"      Morrissey     ","        Saturday 14 March 2009"
Warner Theatre,Jay-Z,"      Jay-Z     ","        Monday 19 January 2009"
Warner Theatre,John Parish & Polly Jean Harvey,"      John Parish & Polly Jean Harvey, PJ Harvey, John Parish, Pop Parker, and Pj Harvey & John Parish    ","        Friday 05 June 2009"
Warner Theatre,Dave Brubeck Quartet,"      Dave Brubeck Quartet     ","        Saturday 18 April 2009"
Warner Theatre,Steve Martin and Steep Canyon Rangers,"      Steve Martin and Steep Canyon Rangers     ","        Monday 12 October 2009"
Warner Theatre,Bruce Hornsby & the Noisemakers,"      Bruce Hornsby & the Noisemakers     ","        Friday 09 October 2009"
Warner Theatre,David Cross and Todd Glass,"      David Cross and Todd Glass     ","        Wednesday 21 October 2009"
Warner Theatre,Rent,"      Rent     ","        Friday 29 May 2009"
Warner Theatre,Sp€±níöal Tap,"      Sp€±níöal Tap, Christopher Guest, Michael McKean, and Harry Shearer    ","        Wednesday 13 May 2009"
Warner Theatre,Dianne Reeves,"      Dianne Reeves, Esperanza Spalding    ","        Friday 06 February 2009"
Warner Theatre,Jimmy Vivino,"      Jimmy Vivino, The Fab Faux    ","        Saturday 02 May 2009"
Warner Theatre,Dianne Reeves,"      Dianne Reeves, Esperanza Spalding    ","        Tuesday 02 June 2009"
Warner Theatre,The Fab Faux,"      The Fab Faux     ","        Thursday 05 February 2009"
Warner Theatre,..::Mo-Mix::..,"      ..::Mo-Mix::..     ","        Friday 20 February 2009"
Warner Theatre,..::Mo-Mix::..,"      ..::Mo-Mix::..     ","        Saturday 21 February 2009"
Warner Theatre,A Bronx Tale,"      A Bronx Tale     ","        Tuesday 24 February 2009"
Warner Theatre,A Bronx Tale,"      A Bronx Tale     ","        Wednesday 25 February 2009"
Warner Theatre,A Bronx Tale,"      A Bronx Tale     ","        Thursday 26 February 2009"
Warner Theatre,A Bronx Tale,"      A Bronx Tale     ","        Friday 27 February 2009"
Warner Theatre,A Bronx Tale,"      A Bronx Tale     ","        Saturday 28 February 2009"
Warner Theatre,A Bronx Tale,"      A Bronx Tale     ","        Sunday 01 March 2009"
Warner Theatre,A Bronx Tale,"      A Bronx Tale     ","        Tuesday 03 March 2009"
Warner Theatre,A Bronx Tale,"      A Bronx Tale     ","        Wednesday 04 March 2009"
Warner Theatre,A Bronx Tale,"      A Bronx Tale     ","        Thursday 05 March 2009"
Warner Theatre,A Bronx Tale,"      A Bronx Tale     ","        Friday 06 March 2009"
Warner Theatre,A Bronx Tale,"      A Bronx Tale     ","        Saturday 07 March 2009"
Warner Theatre,A Bronx Tale,"      A Bronx Tale     ","        Sunday 08 March 2009"
Warner Theatre,Dave Brubeck Quartet,"      Dave Brubeck Quartet     ","        Thursday 11 June 2009"
Warner Theatre,Special Events 09,"      Special Events 09, The Clean Up Woman    ","        Tuesday 05 May 2009"
Warner Theatre,Special Events 09,"      Special Events 09, The Clean Up Woman    ","        Wednesday 06 May 2009"
Warner Theatre,Special Events 09,"      Special Events 09, The Clean Up Woman    ","        Thursday 07 May 2009"
Warner Theatre,Special Events 09,"      Special Events 09, The Clean Up Woman    ","        Friday 08 May 2009"
Warner Theatre,Special Events 09 and The Clean Up Woman,"      Special Events 09 and The Clean Up Woman     ","        Saturday 09 May 2009"
Warner Theatre,Special Events 09 and The Clean Up Woman,"      Special Events 09 and The Clean Up Woman     ","        Sunday 10 May 2009"
Warner Theatre,Rodney Carrington,"      Rodney Carrington     ","        Saturday 07 February 2009"
Warner Theatre,Chelsea Handler,"      Chelsea Handler     ","        Friday 17 April 2009"
Warner Theatre,Stephen Lynch,"      Stephen Lynch     ","        Saturday 28 March 2009"
Warner Theatre,Dave Brubeck,"      Dave Brubeck     ","        Sunday 19 April 2009"
Warner Theatre,Demetri Martin,"      Demetri Martin     ","        Saturday 11 April 2009"
Warner Theatre,Bryan Adams,"      Bryan Adams, Acoustic    ","        Wednesday 08 April 2009"
Warner Theatre,Gabriel Iglesias,"      Gabriel Iglesias     ","        Friday 12 June 2009"
Warner Theatre,Dave Brubeck,"      Dave Brubeck     ","        Saturday 18 April 2009"
Warner Theatre,Wanda Sykes,"      Wanda Sykes     ","        Friday 21 August 2009"
Warner Theatre,Wanda Sykes,"      Wanda Sykes     ","        Saturday 22 August 2009"
Warner Theatre,Mike Birbiglia,"      Mike Birbiglia     ","        Saturday 10 October 2009"
Warner Theatre,Paul Potts,"      Paul Potts, Neal Boyd and Giorgia    ","        Tuesday 21 July 2009"
Warner Theatre,The Clean Up Woman,"      The Clean Up Woman     ","        Thursday 19 November 2009"
Warner Theatre,The Clean Up Woman,"      The Clean Up Woman     ","        Friday 20 November 2009"
Warner Theatre,The Clean Up Woman,"      The Clean Up Woman     ","        Saturday 21 November 2009"
Warner Theatre,The Clean Up Woman,"      The Clean Up Woman     ","        Sunday 22 November 2009"
Warner Theatre,Cat Power and Pretenders,"      Cat Power and Pretenders, Juliette Lewis    ","        Friday 14 August 2009"
Warner Theatre,Mike Brooks,"      Mike Brooks, Lyfe Jennings and Chuck Brown    ","        Saturday 12 September 2009"
Warner Theatre,The Australian Pink Floyd Show,"      The Australian Pink Floyd Show     ","        Wednesday 07 October 2009"
Warner Theatre,Sweet Honey In the Rock,"      Sweet Honey In the Rock     ","        Friday 23 October 2009"
Warner Theatre,Lenny Kravitz,"      Lenny Kravitz     ","        Tuesday 20 October 2009"
Warner Theatre,Paulina Rubio,"      Paulina Rubio     ","        Sunday 25 October 2009"
Warner Theatre,Mannheim Steamroller,"      Mannheim Steamroller     ","        Tuesday 24 November 2009"
Warner Theatre,Mannheim Steamroller,"      Mannheim Steamroller     ","        Wednesday 25 November 2009"
Warner Theatre,Joe Sears and Jaston Williams,"      Joe Sears and Jaston Williams     ","        Thursday 29 October 2009"
Warner Theatre,Joe Sears and Jaston Williams,"      Joe Sears and Jaston Williams     ","        Friday 30 October 2009"
Warner Theatre,Joe Sears and Jaston Williams,"      Joe Sears and Jaston Williams     ","        Saturday 31 October 2009"
Warner Theatre,Joe Sears and Jaston Williams,"      Joe Sears and Jaston Williams     ","        Sunday 01 November 2009"
Warner Theatre,Audio Push,"      Audio Push, Chris Brown    ","        Friday 04 December 2009"
Warner Theatre,Don Henley,"      Don Henley     ","        Thursday 12 November 2009"
Warner Theatre,"Greg Giraldo, Joey Medina, Rudy Moreno, Erik Rivera, and Cristela Alonzo","      Greg Giraldo, Joey Medina, Rudy Moreno, Erik Rivera, and Cristela Alonzo     ","        Tuesday 15 September 2009"
Warner Theatre,Broken Social Scene,"      Broken Social Scene, The Sea and Cake    ","        Monday 13 September 2010"
Warner Theatre,Daniel Tosh,"      Daniel Tosh     ","        Friday 05 November 2010"
Warner Theatre,Aziz Ansari,"      Aziz Ansari, John Mulaney    ","        Friday 17 September 2010"
Warner Theatre,Norah Jones,"      Norah Jones, Sasha Dobson    ","        Friday 02 April 2010"
Warner Theatre,Widespread Panic,"      Widespread Panic     ","        Wednesday 21 April 2010"
Warner Theatre,"""Weird Al"" Yankovic","      ""Weird Al"" Yankovic     ","        Friday 18 June 2010"
Warner Theatre,Imogen Heap,"      Imogen Heap, Geese    ","        Saturday 29 May 2010"
Warner Theatre,Craig Ferguson,"      Craig Ferguson     ","        Saturday 16 October 2010"
Warner Theatre,Mark Knopfler,"      Mark Knopfler     ","        Sunday 02 May 2010"
Warner Theatre,Yes,"      Yes     ","        Saturday 06 February 2010"
Warner Theatre,Michael Franks,"      Michael Franks, Spur Of The Moment    ","        Saturday 13 February 2010"
Warner Theatre,Widespread Panic,"      Widespread Panic     ","        Tuesday 20 April 2010"
Warner Theatre,Rahat Fateh Ali Khan,"      Rahat Fateh Ali Khan     ","        Friday 09 April 2010"
Warner Theatre,"""Weird Al"" Yankovic","      ""Weird Al"" Yankovic     ","        Tuesday 08 June 2010"
Warner Theatre,Denis Leary,"      Denis Leary     ","        Wednesday 02 June 2010"
Warner Theatre,Lewis Black,"      Lewis Black     ","        Friday 24 September 2010"
Warner Theatre,Shinedown,"      Shinedown, Will Hoge    ","        Wednesday 10 November 2010"
Warner Theatre,Gov't Mule,"      Gov't Mule     ","        Tuesday 28 December 2010"
Warner Theatre,Tegan and Sara,"      Tegan and Sara, Holly Miranda and Steel Train    ","        Wednesday 17 February 2010"
Warner Theatre,Elvis Costello,"      Elvis Costello, The Sugarcanes and Elvis Costello & the Sugarcanes    ","        Thursday 22 April 2010"
Warner Theatre,The Blind Boys of Alabama,"      The Blind Boys of Alabama     ","        Friday 08 January 2010"
Warner Theatre,Ramsey Lewis and Ann Hampton Callaway,"      Ramsey Lewis and Ann Hampton Callaway     ","        Saturday 15 May 2010"
Warner Theatre,Steven Wright,"      Steven Wright     ","        Saturday 23 January 2010"
Warner Theatre,Jimmy Fallon,"      Jimmy Fallon     ","        Friday 05 February 2010"
Warner Theatre,Diane Birch and Nick Jonas & The Administration,"      Diane Birch and Nick Jonas & The Administration, THE ADMINISTRATION    ","        Wednesday 06 January 2010"
Warner Theatre,George Lopez,"      George Lopez     ","        Friday 26 February 2010"
Warner Theatre,George Lopez,"      George Lopez     ","        Saturday 27 February 2010"
Warner Theatre,Trans-Siberian Orchestra and Chris Caffery,"      Trans-Siberian Orchestra and Chris Caffery     ","        Sunday 11 April 2010"
Warner Theatre,Jimmy Fallon,"      Jimmy Fallon     ","        Saturday 22 May 2010"
Warner Theatre,Yes,"      Yes     ","        Monday 15 February 2010"
Warner Theatre,Enrique Bunbury,"      Enrique Bunbury     ","        Wednesday 12 May 2010"
Warner Theatre,"The Comedians of Chelsea Lately, Loni Love, Josh Wolf, and Brad Wollack","      The Comedians of Chelsea Lately, Loni Love, Josh Wolf, and Brad Wollack     ","        Saturday 05 June 2010"
Warner Theatre,Jecaryous Johnson's Marriage Material,"      Jecaryous Johnson's Marriage Material     ","        Tuesday 16 November 2010"
Warner Theatre,Jecaryous Johnson's Marriage Material,"      Jecaryous Johnson's Marriage Material     ","        Wednesday 17 November 2010"
Warner Theatre,Jecaryous Johnson's Marriage Material,"      Jecaryous Johnson's Marriage Material     ","        Thursday 18 November 2010"
Warner Theatre,Jecaryous Johnson's Marriage Material,"      Jecaryous Johnson's Marriage Material     ","        Friday 19 November 2010"
Warner Theatre,Jecaryous Johnson's Marriage Material,"      Jecaryous Johnson's Marriage Material     ","        Saturday 20 November 2010"
Warner Theatre,Jecaryous Johnson's Marriage Material,"      Jecaryous Johnson's Marriage Material     ","        Sunday 21 November 2010"
Warner Theatre,Sweet Honey In the Rock,"      Sweet Honey In the Rock     ","        Saturday 23 October 2010"
Warner Theatre,Lewis Black,"      Lewis Black     ","        Saturday 25 September 2010"
Warner Theatre,Kevin Drew,"      Kevin Drew     ","        Monday 13 September 2010"
Warner Theatre,Margaret Cho,"      Margaret Cho     ","        Friday 29 October 2010"
Warner Theatre,The Cake Boss,"      The Cake Boss     ","        Tuesday 09 November 2010"
Warner Theatre,Mike Birbiglia,"      Mike Birbiglia     ","        Friday 15 October 2010"
Warner Theatre,Charlie Wilson,"      Charlie Wilson     ","        Thursday 16 September 2010"
Warner Theatre,Styx,"      Styx     ","        Wednesday 27 October 2010"
Warner Theatre,The Australian Pink Floyd Show,"      The Australian Pink Floyd Show     ","        Sunday 24 October 2010"
Warner Theatre,Chucho Valdes,"      Chucho Valdes, Cuban Messengers    ","        Saturday 30 October 2010"
Warner Theatre,Ledisi,"      Ledisi, Timothy Bloom    ","        Friday 21 October 2011"
Warner Theatre,Citizen Cope,"      Citizen Cope     ","        Saturday 25 June 2011"
Warner Theatre,Dream Theater,"      Dream Theater, Trivium    ","        Monday 17 October 2011"
Warner Theatre,"""Weird Al"" Yankovic","      ""Weird Al"" Yankovic     ","        Wednesday 19 October 2011"
Warner Theatre,Elvis Costello,"      Elvis Costello     ","        Thursday 29 September 2011"
Warner Theatre,Rahat Fateh Ali Khan,"      Rahat Fateh Ali Khan     ","        Saturday 16 April 2011"
Warner Theatre,Esperanza Spalding Chamber Music Society,"      Esperanza Spalding Chamber Music Society, Esperanza Spalding    ","        Sunday 16 October 2011"
Warner Theatre,David Cook,"      David Cook     ","        Friday 29 April 2011"
Warner Theatre,Jackson Browne,"      Jackson Browne     ","        Sunday 23 October 2011"
Warner Theatre,Barry Manilow,"      Barry Manilow     ","        Wednesday 14 September 2011"
Warner Theatre,Tedeschi Trucks Band,"      Tedeschi Trucks Band     ","        Friday 28 October 2011"
Warner Theatre,Widespread Panic,"      Widespread Panic     ","        Tuesday 05 April 2011"
Warner Theatre,Tony Bennett,"      Tony Bennett     ","        Friday 14 October 2011"
Warner Theatre,Poncho Sanchez,"      Poncho Sanchez, Amy Grant    ","        Saturday 26 February 2011"
Warner Theatre,DC Jazz Festival Presents Bobby McFerrin 2011,"              DC Jazz Festival Presents Bobby McFerrin 2011        Bobby McFerrin          ","        Saturday 11 June 2011"
Warner Theatre,Hiromi,"      Hiromi     ","        Saturday 12 February 2011"
Warner Theatre,Yanni,"      Yanni     ","        Thursday 07 April 2011"
Warner Theatre,Widespread Panic,"      Widespread Panic     ","        Wednesday 06 April 2011"
Warner Theatre,Natalie Cole,"      Natalie Cole     ","        Thursday 13 October 2011"
Warner Theatre,Sweet Honey In the Rock,"      Sweet Honey In the Rock     ","        Saturday 22 October 2011"
Warner Theatre,Poncho Sanchez,"      Poncho Sanchez     ","        Saturday 12 March 2011"
Warner Theatre,Beatlemania Now,"      Beatlemania Now     ","        Friday 21 January 2011"
Warner Theatre,Yes,"      Yes     ","        Monday 04 April 2011"
Warner Theatre,Dennis Miller,"      Dennis Miller     ","        Saturday 30 April 2011"
Warner Theatre,John Oliver,"      John Oliver     ","        Saturday 29 October 2011"
Warner Theatre,Tim Minchin,"      Tim Minchin     ","        Saturday 23 July 2011"
Warner Theatre,Pablo Milanes,"      Pablo Milanes     ","        Friday 26 August 2011"
Warner Theatre,Fiona Apple,"      Fiona Apple     ","        Tuesday 26 June 2012"
Warner Theatre,Rodrigo y Gabriela,"      Rodrigo y Gabriela, Cuba and Zach Heckendorf    ","        Wednesday 25 April 2012"
Warner Theatre,Conor Oberst,"      Conor Oberst, Daniel Johnston    ","        Thursday 15 November 2012"
Warner Theatre,Ms. Lauryn Hill,"      Ms. Lauryn Hill     ","        Wednesday 29 February 2012"
Warner Theatre,Dream Theater,"      Dream Theater     ","        Friday 13 July 2012"
Warner Theatre,"Incognito, Robert Glasper Experiment, and Francesco Mendolia","      Incognito, Robert Glasper Experiment, and Francesco Mendolia, Maysa    ","        Tuesday 03 April 2012"
Warner Theatre,Noel Gallagher,"      Noel Gallagher, Noel Gallagher's High Flying Birds    ","        Wednesday 28 March 2012"
Warner Theatre,Eve to Adam,"      Eve to Adam, Creed    ","        Tuesday 24 April 2012"
Warner Theatre,Joe Bonamassa,"      Joe Bonamassa     ","        Saturday 24 November 2012"
Warner Theatre,Weezer,"      Weezer     ","        Saturday 11 August 2012"
Warner Theatre,Daryl Hall,"      Daryl Hall, Sharon Jones & The Dap-Kings, Allen Stone, and Live From Daryl's House    ","        Friday 20 April 2012"
Warner Theatre,Peter Frampton,"      Peter Frampton     ","        Sunday 19 February 2012"
Warner Theatre,Tangerine Dream,"      Tangerine Dream     ","        Saturday 07 July 2012"
Warner Theatre,Yes,"      Yes, Procol Harum    ","        Saturday 04 August 2012"
Warner Theatre,Chris Isaak,"      Chris Isaak     ","        Sunday 04 November 2012"
Warner Theatre,Marcel Khalife,"      Marcel Khalife     ","        Saturday 28 April 2012"
Warner Theatre,Juanes,"      Juanes     ","        Thursday 26 July 2012"
Warner Theatre,Tito Puente Jr.,"      Tito Puente Jr., Gilberto Santa Rosa    ","        Monday 15 October 2012"
Warner Theatre,David Bisbal,"      David Bisbal     ","        Friday 19 October 2012"
Warner Theatre,The Fresh Beat Band,"      The Fresh Beat Band     ","        Sunday 01 April 2012"
Warner Theatre,Scala & Kolacny Brothers,"      Scala & Kolacny Brothers, Scala    ","        Tuesday 19 June 2012"
Warner Theatre,Loose Ends,"      Loose Ends     ","        Saturday 10 November 2012"
Warner Theatre,Hitrecord,"      Hitrecord, Joseph Gordon Levitt, Joseph Gordon, Levitt, and Hit Record on the Road    ","        Tuesday 13 November 2012"
Warner Theatre,Il Volo,"      Il Volo, Official Meet    ","        Sunday 09 September 2012"
Warner Theatre,Glenn Frey,"      Glenn Frey     ","        Monday 14 May 2012"
Warner Theatre,Sherry Mann,"      Sherry Mann, Jazzy B    ","        Saturday 16 June 2012"
Warner Theatre,Human Nature,"      Human Nature     ","        Friday 27 April 2012"
Warner Theatre,Kevin James,"      Kevin James     ","        Wednesday 04 April 2012"
Warner Theatre,Under The Streetlamp,"      Under The Streetlamp     ","        Tuesday 15 May 2012"
Warner Theatre,Shahrokh,"      Shahrokh     ","        Saturday 05 May 2012"
Warner Theatre,Esperanza Spalding,"      Esperanza Spalding     ","        Monday 22 April 2013"
Warner Theatre,Miguel,"      Miguel, Brandy    ","        Thursday 14 February 2013"
Warner Theatre,Joe Satriani,"      Joe Satriani, Steve Morse Band and Steve Morse    ","        Wednesday 25 September 2013"
Warner Theatre,Daryl Hall,"      Daryl Hall, John Oates and Daryl Hall & John Oates    ","        Wednesday 02 October 2013"
Warner Theatre,Cyndi Lauper and Hunter Valentine,"      Cyndi Lauper and Hunter Valentine     ","        Wednesday 13 November 2013"
Warner Theatre,Faith Evans,"      Faith Evans, Chico DeBarge    ","        Thursday 18 April 2013"
Warner Theatre,Great Big Sea,"      Great Big Sea     ","        Wednesday 17 April 2013"
Warner Theatre,Ludovico Einaudi,"      Ludovico Einaudi     ","        Tuesday 21 May 2013"
Warner Theatre,Bridgit Mendler,"      Bridgit Mendler, Alex Aiono    ","        Friday 23 August 2013"
Warner Theatre,The Stylistics,"      The Stylistics, The Chi-Lites, Russell Thompkins Jr. & the New Stylistics, and Russell Thompkins, Jr.    ","        Saturday 28 September 2013"
Warner Theatre,Heads of State,"      Heads of State, El DeBarge    ","        Friday 06 September 2013"
Warner Theatre,David Bisbal,"      David Bisbal     ","        Friday 01 March 2013"
Warner Theatre,Adnan Sami,"      Adnan Sami     ","        Friday 15 March 2013"
Warner Theatre,Keyshia Cole,"      Keyshia Cole, Chrisette Michele    ","        Saturday 30 March 2013"
Warner Theatre,FantasÌ_a,"      FantasÌ_a, Fantasia Barrino    ","        Saturday 20 July 2013"
Warner Theatre,Brian Setzer Orchestra,"      Brian Setzer Orchestra     ","        Friday 29 November 2013"
Warner Theatre,"Earth, Wind & Fire","      Earth, Wind & Fire     ","        Sunday 29 September 2013"
Warner Theatre,Brian Wilson,"      Brian Wilson, Jeff Beck    ","        Saturday 05 October 2013"
Warner Theatre,Mountains of Sorrow,"      Mountains of Sorrow, Amos Lee and Mutlu    ","        Tuesday 26 November 2013"
Warner Theatre,Yes,"      Yes     ","        Wednesday 24 July 2013"
Warner Theatre,Heads of State,"      Heads of State, El DeBarge    ","        Sunday 11 August 2013"
Warner Theatre,Moein,"      Moein     ","        Saturday 26 October 2013"
Warner Theatre,Ron White,"      Ron White     ","        Saturday 20 April 2013"
Warner Theatre,Nick Offerman,"      Nick Offerman     ","        Friday 15 February 2013"
Warner Theatre,The Monkees,"      The Monkees     ","        Sunday 21 July 2013"
Warner Theatre,John Oliver,"      John Oliver     ","        Friday 08 November 2013"
Warner Theatre,Best Absolute Perfect,"      Best Absolute Perfect     ","        Tuesday 14 May 2013"
Warner Theatre,Tony Bennett,"      Tony Bennett     ","        Saturday 26 January 2013"
Warner Theatre,Swim Deep and Shark Week,"      Swim Deep and Shark Week     ","        Thursday 21 March 2013"
Warner Theatre,Adnan Sami,"      Adnan Sami     ","        Friday 12 April 2013"
Warner Theatre,Africa Umoja,"      Africa Umoja     ","        Tuesday 30 July 2013"
Warner Theatre,BAP,"      BAP     ","        Tuesday 14 May 2013"
Warner Theatre,Kevin James,"      Kevin James     ","        Wednesday 06 November 2013"
Warner Theatre,Russell Brand 2013,"              Russell Brand 2013    ","        Thursday 12 September 2013"
Warner Theatre,Le'andria Johnson,"      Le'andria Johnson, Crystal Aikin    ","        Sunday 26 May 2013"
Warner Theatre,The Fab Four,"      The Fab Four     ","        Saturday 09 February 2013"
Warner Theatre,Raffi,"      Raffi     ","        Sunday 05 May 2013"
Warner Theatre,Red Grant,"      Red Grant     ","        Saturday 15 June 2013"
Warner Theatre,Seth Meyers,"      Seth Meyers     ","        Friday 21 June 2013"
Warner Theatre,Africa Umoja,"      Africa Umoja     ","        Wednesday 31 July 2013"
Warner Theatre,Africa Umoja,"      Africa Umoja     ","        Thursday 01 August 2013"
Warner Theatre,Africa Umoja,"      Africa Umoja     ","        Friday 02 August 2013"
Warner Theatre,Africa Umoja,"      Africa Umoja     ","        Saturday 03 August 2013"
Warner Theatre,Africa Umoja,"      Africa Umoja     ","        Sunday 04 August 2013"
Warner Theatre,India.Arie,"      India.Arie     ","        Wednesday 30 October 2013"
Warner Theatre,Faramarz Aslani,"      Faramarz Aslani, Babak Amini    ","        Saturday 02 November 2013"
Warner Theatre,Jason Mraz and Raining Jane,"      Jason Mraz and Raining Jane     ","        Monday 13 October 2014"
Warner Theatre,Marsha Ambrosius,"      Marsha Ambrosius     ","        Friday 19 September 2014"
Warner Theatre,Block B,"      Block B     ","        Tuesday 24 June 2014"
Warner Theatre,B.B. King and Tom Principato Band,"      B.B. King and Tom Principato Band     ","        Thursday 17 July 2014"
Warner Theatre,The Piano Guys,"      The Piano Guys     ","        Saturday 29 March 2014"
Warner Theatre,Gov't Mule,"      Gov't Mule     ","        Thursday 06 November 2014"
Warner Theatre,Boz Scaggs,"      Boz Scaggs     ","        Friday 16 May 2014"
Warner Theatre,Tedeschi Trucks Band,"      Tedeschi Trucks Band, The London Souls    ","        Saturday 25 January 2014"
Warner Theatre,Bill Maher,"      Bill Maher     ","        Wednesday 10 September 2014"
Warner Theatre,Bill Maher,"      Bill Maher     ","        Friday 12 September 2014"
Warner Theatre,"Jack DeJohnette, Esperanza Spalding, Leo Genovese, and Joe Lovano","      Jack DeJohnette, Esperanza Spalding, Leo Genovese, and Joe Lovano     ","        Saturday 01 February 2014"
Warner Theatre,Celtic Woman,"      Celtic Woman     ","        Thursday 22 May 2014"
Warner Theatre,Nick Swardson,"      Nick Swardson     ","        Wednesday 08 October 2014"
Warner Theatre,Patrick Bruel,"      Patrick Bruel     ","        Wednesday 05 November 2014"
Warner Theatre,Gladys Knight,"      Gladys Knight     ","        Saturday 25 October 2014"
Warner Theatre,Alton Brown,"      Alton Brown     ","        Sunday 09 November 2014"
Warner Theatre,Derrell Lawrence's Do You Trust Your Best Friend,"      Derrell Lawrence's Do You Trust Your Best Friend, Sean Blakemore, Tony Terry, Meli'sa Morgan, John Canada Terrell, Adina Howard, and Monifah    ","        Saturday 04 October 2014"
Warner Theatre,Hafez Nazeri,"      Hafez Nazeri, Shahram Nazeri, Rumi Symphony Project Untold, and Shahram Nazeri and Hafez Nazeri    ","        Saturday 05 April 2014"
Warner Theatre,Pimpinela,"      Pimpinela     ","        Friday 22 August 2014"
Warner Theatre,Derrell Lawrence's Do You Trust Your Best Friend,"      Derrell Lawrence's Do You Trust Your Best Friend, Sean Blakemore, Tony Terry, Meli'sa Morgan, John Canada Terrell, Adina Howard, and Monifah    ","        Friday 03 October 2014"
Warner Theatre,Derrell Lawrence's Do You Trust Your Best Friend,"      Derrell Lawrence's Do You Trust Your Best Friend, Sean Blakemore, Tony Terry, Meli'sa Morgan, John Canada Terrell, Adina Howard, and Monifah    ","        Sunday 05 October 2014"
Warner Theatre,Mohit Chauhan,"      Mohit Chauhan, Mamta Sharma    ","        Sunday 06 April 2014"
Warner Theatre,Jme Medina,"      Jme Medina     ","        Tuesday 24 June 2014"
Warner Theatre,Jme Medina,"      Jme Medina     ","        Wednesday 25 June 2014"
Warner Theatre,Arijit Singh,"      Arijit Singh     ","        Friday 01 August 2014"
Warner Theatre,Shahkar Bineshpajooh,"      Shahkar Bineshpajooh     ","        Saturday 20 September 2014"
Warner Theatre,JD Lawrence,"      JD Lawrence     ","        Wednesday 16 April 2014"
Warner Theatre,JD Lawrence,"      JD Lawrence     ","        Tuesday 15 April 2014"
Warner Theatre,JD Lawrence,"      JD Lawrence     ","        Thursday 17 April 2014"
Warner Theatre,JD Lawrence,"      JD Lawrence     ","        Friday 18 April 2014"
Warner Theatre,Andrea Rost,"      Andrea Rost     ","        Thursday 29 May 2014"
Warner Theatre,Julianne Hough,"      Julianne Hough, Julianne and Derek Hough    ","        Saturday 28 June 2014"
Warner Theatre,Syd Arthur,"      Syd Arthur     ","        Tuesday 15 July 2014"
Warner Theatre,Human Nature,"      Human Nature     ","        Thursday 14 August 2014"
Warner Theatre,Cem Y۱lmaz,"      Cem Y۱lmaz     ","        Tuesday 07 October 2014"
Warner Theatre,Ghost Brothers of Darkland County,"      Ghost Brothers of Darkland County     ","        Saturday 15 November 2014"
Warner Theatre,Rickey Smiley,"      Rickey Smiley     ","        Saturday 22 November 2014"
Warner Theatre,"Fifth Harmony, Bea Miller, Natalie La Rose, and Common Kings","      Fifth Harmony, Bea Miller, Natalie La Rose, and Common Kings     ","        Wednesday 26 August 2015"
Warner Theatre,Mark Knopfler,"      Mark Knopfler     ","        Sunday 18 October 2015"
Warner Theatre,"Daryl Hall & John Oates, Daryl Hall, and Mutlu","      Daryl Hall & John Oates, Daryl Hall, and Mutlu, John Oates    ","        Sunday 01 March 2015"
Warner Theatre,Raheem DeVaughn,"      Raheem DeVaughn, Leela James    ","        Saturday 24 October 2015"
Warner Theatre,Dawes,"      Dawes     ","        Saturday 06 June 2015"
Warner Theatre,REO Speedwagon and Eric Scott,"      REO Speedwagon and Eric Scott     ","        Thursday 10 September 2015"
Warner Theatre,REO Speedwagon,"      REO Speedwagon     ","        Sunday 12 April 2015"
Warner Theatre,2CELLOS,"      2CELLOS     ","        Friday 24 April 2015"
Warner Theatre,Widespread Panic,"      Widespread Panic     ","        Tuesday 21 April 2015"
Warner Theatre,Tedeschi Trucks Band and Corey Harris,"      Tedeschi Trucks Band and Corey Harris     ","        Saturday 21 February 2015"
Warner Theatre,"Daryl Hall & John Oates, Mutlu, and Daryl Hall","      Daryl Hall & John Oates, Mutlu, and Daryl Hall, John Oates    ","        Wednesday 29 April 2015"
Warner Theatre,Warren Haynes,"      Warren Haynes, Justin Townes Earle, Jeff Sipe, and ChessBoxer    ","        Thursday 08 October 2015"
Warner Theatre,Tedeschi Trucks Band and Spirit Family Reunion,"      Tedeschi Trucks Band and Spirit Family Reunion     ","        Friday 20 February 2015"
Warner Theatre,Huey Lewis And The News,"      Huey Lewis And The News     ","        Tuesday 23 June 2015"
Warner Theatre,Widespread Panic,"      Widespread Panic     ","        Wednesday 22 April 2015"
Warner Theatre,Pat Benatar and Pat Benatar & Neil Giraldo,"      Pat Benatar and Pat Benatar & Neil Giraldo     ","        Wednesday 08 July 2015"
Warner Theatre,Joe Walsh,"      Joe Walsh     ","        Wednesday 23 September 2015"
Warner Theatre,Ron White,"      Ron White     ","        Friday 13 November 2015"
Warner Theatre,Bob's Burgers,"      Bob's Burgers     ","        Wednesday 25 March 2015"
Warner Theatre,Adnan Sami,"      Adnan Sami     ","        Friday 03 April 2015"
Warner Theatre,Sezen Aksu,"      Sezen Aksu     ","        Monday 05 October 2015"
Warner Theatre,Bobby Bones and The Raging Idiots and Lindsay Ell,"      Bobby Bones and The Raging Idiots and Lindsay Ell     ","        Saturday 14 November 2015"
Warner Theatre,Brit Floyd,"      Brit Floyd     ","        Friday 29 May 2015"
Warner Theatre,Prince & 3rdeyegirl,"      Prince & 3rdeyegirl     ","        Sunday 14 June 2015"
Warner Theatre,Tom Papa,"      Tom Papa     ","        Saturday 03 October 2015"
Warner Theatre,Moein,"      Moein     ","        Saturday 14 March 2015"
Warner Theatre,Libera,"      Libera     ","        Thursday 02 April 2015"
Warner Theatre,Sezen Aksu,"      Sezen Aksu     ","        Monday 05 October 2015"
Warner Theatre,GENERATION NEXT,"      GENERATION NEXT     ","        Sunday 19 April 2015"
Warner Theatre,Shaan,"      Shaan     ","        Friday 15 May 2015"
Warner Theatre,JEDI,"      JEDI     ","        Friday 03 July 2015"
Warner Theatre,Hans Raj Hans,"      Hans Raj Hans     ","        Friday 16 October 2015"
Warner Theatre,Atif Aslam,"      Atif Aslam     ","        Friday 21 October 2016"
Warner Theatre,Lalah Hathaway and Musiq Soulchild,"      Lalah Hathaway and Musiq Soulchild     ","        Friday 25 November 2016"
Warner Theatre,The Go-Go's and Best Coast,"      The Go-Go's and Best Coast, Kaya Stewart    ","        Friday 05 August 2016"
Warner Theatre,Mint Condition,"      Mint Condition     ","        Saturday 16 July 2016"
Warner Theatre,Pet Shop Boys,"      Pet Shop Boys     ","        Friday 11 November 2016"
Warner Theatre,Santana,"      Santana     ","        Tuesday 05 April 2016"
Warner Theatre,Santana,"      Santana     ","        Wednesday 06 April 2016"
Warner Theatre,Seal,"      Seal     ","        Wednesday 24 August 2016"
Warner Theatre,Styx,"      Styx     ","        Tuesday 18 October 2016"
Warner Theatre,Kirk Franklin,"      Kirk Franklin     ","        Saturday 19 March 2016"
Warner Theatre,Yes,"      Yes     ","        Tuesday 16 August 2016"
Warner Theatre,Widespread Panic,"      Widespread Panic     ","        Tuesday 06 September 2016"
Warner Theatre,Jim James,"      Jim James, Twin Limb    ","        Saturday 19 November 2016"
Warner Theatre,Ringo Starr and Ringo Starr & His All Starr Band,"      Ringo Starr and Ringo Starr & His All Starr Band, Todd Rundgren    ","        Friday 17 June 2016"
Warner Theatre,Widespread Panic,"      Widespread Panic     ","        Wednesday 07 September 2016"
Warner Theatre,Little Feat,"      Little Feat     ","        Monday 12 September 2016"
Warner Theatre,Generation Axe,"      Generation Axe, Steve Vai, Zakk Wylde, Yngwie Malmsteen, Nuno Bettencourt, and Tosin Abasi    ","        Sunday 24 April 2016"
Warner Theatre,Tedeschi Trucks Band,"      Tedeschi Trucks Band     ","        Saturday 27 February 2016"
Warner Theatre,Brian Setzer Orchestra and Brian Setzer,"      Brian Setzer Orchestra and Brian Setzer     ","        Saturday 26 November 2016"
Warner Theatre,Frankie Valli and Frankie Valli & The Four Seasons,"      Frankie Valli and Frankie Valli & The Four Seasons     ","        Thursday 27 October 2016"
Warner Theatre,Tedeschi Trucks Band and Jorma Kaukonen,"      Tedeschi Trucks Band and Jorma Kaukonen     ","        Thursday 25 February 2016"
Warner Theatre,Il Divo,"      Il Divo     ","        Tuesday 27 September 2016"
Warner Theatre,Steven Tyler,"      Steven Tyler     ","        Tuesday 23 August 2016"
Warner Theatre,Yanni,"      Yanni     ","        Thursday 07 July 2016"
Warner Theatre,Gladys Knight,"      Gladys Knight     ","        Saturday 22 October 2016"
Warner Theatre,Elvis Costello & The Imposters,"      Elvis Costello & The Imposters     ","        Thursday 03 November 2016"
Warner Theatre,Tedeschi Trucks Band and The Honeycutters,"      Tedeschi Trucks Band and The Honeycutters     ","        Friday 26 February 2016"
Warner Theatre,Kirk Franklin,"      Kirk Franklin     ","        Sunday 27 March 2016"
Warner Theatre,Frankie Valli and Frankie Valli & The Four Seasons,"      Frankie Valli and Frankie Valli & The Four Seasons     ","        Friday 28 October 2016"
Warner Theatre,Rain - A Tribute to The Beatles,"      Rain - A Tribute to The Beatles     ","        Tuesday 08 March 2016"
Warner Theatre,David Cross,"      David Cross     ","        Friday 19 February 2016"
Warner Theatre,William Shatner,"      William Shatner, We Just Live in It    ","        Thursday 04 February 2016"
Warner Theatre,Tom Jones,"      Tom Jones     ","        Sunday 25 September 2016"
Warner Theatre,The Monkees,"      The Monkees     ","        Thursday 26 May 2016"
Warner Theatre,Nick Kroll,"      Nick Kroll     ","        Sunday 14 February 2016"
Warner Theatre,Ebi,"      Ebi     ","        Saturday 30 January 2016"
Warner Theatre,Rain - A Tribute to The Beatles,"      Rain - A Tribute to The Beatles     ","        Wednesday 09 March 2016"
Warner Theatre,Nick Kroll,"      Nick Kroll     ","        Monday 15 February 2016"
Warner Theatre,Nick Kroll,"      Nick Kroll     ","        Wednesday 17 February 2016"
Warner Theatre,Celtic Thunder,"      Celtic Thunder     ","        Friday 16 September 2016"
Warner Theatre,Star Trek,"      Star Trek     ","        Saturday 13 February 2016"
Warner Theatre,Kumar Sanu and Alka Yagnik,"      Kumar Sanu and Alka Yagnik     ","        Sunday 17 April 2016"
Warner Theatre,Sezen Aksu,"      Sezen Aksu     ","        Monday 11 January 2016"
Warner Theatre,Sunidhi Chauhan,"      Sunidhi Chauhan     ","        Friday 15 July 2016"
Warner Theatre,Peter Gunz,"      Peter Gunz     ","        Saturday 07 May 2016"
Warner Theatre,Peter Gunz,"      Peter Gunz     ","        Sunday 08 May 2016"
Warner Theatre,Craig Morgan,"      Craig Morgan     ","        Thursday 10 November 2016"
Warner Theatre,Legend of Zelda: Symphony of the Goddesses,"      Legend of Zelda: Symphony of the Goddesses     ","        Saturday 05 November 2016"
Warner Theatre,Nick Kroll,"      Nick Kroll     ","        Thursday 18 February 2016"
Warner Theatre,Invincible,"      Invincible     ","        Saturday 20 February 2016"
Warner Theatre,Trey Songz and Mike Angel,"      Trey Songz and Mike Angel     ","        Sunday 14 May 2017"
Warner Theatre,Ms. Lauryn Hill and Emmanuel Jal,"      Ms. Lauryn Hill and Emmanuel Jal     ","        Thursday 16 February 2017"
Warner Theatre,Ludovico Einaudi,"      Ludovico Einaudi     ","        Sunday 29 October 2017"
Warner Theatre,B.A.P. (Korea),"      B.A.P. (Korea)     ","        Sunday 09 April 2017"
Warner Theatre,Chaka Khan,"      Chaka Khan     ","        Friday 24 November 2017"
Warner Theatre,Tedeschi Trucks Band,"      Tedeschi Trucks Band     ","        Saturday 25 February 2017"
Warner Theatre,"Travis Greene, Anthony Brown & Group Therapy, and Jonathan McReynolds","      Travis Greene, Anthony Brown & Group Therapy, and Jonathan McReynolds     ","        Saturday 04 March 2017"
Warner Theatre,Tedeschi Trucks Band,"      Tedeschi Trucks Band, Paul Barrere and Paul Barrere and Fred Tackett    ","        Thursday 23 February 2017"
Warner Theatre,Tedeschi Trucks Band,"      Tedeschi Trucks Band     ","        Friday 24 February 2017"
Warner Theatre,Leela James,"      Leela James     ","        Friday 14 April 2017"
Warner Theatre,Steve Winwood and Lilly Winwood,"      Steve Winwood and Lilly Winwood     ","        Monday 01 May 2017"
Warner Theatre,Cece Winans,"      Cece Winans     ","        Friday 16 June 2017"
Warner Theatre,Gov't Mule,"      Gov't Mule     ","        Saturday 20 May 2017"
Warner Theatre,Michael McDonald,"      Michael McDonald     ","        Saturday 28 October 2017"
Warner Theatre,Frankie Valli and Frankie Valli & The Four Seasons,"      Frankie Valli and Frankie Valli & The Four Seasons     ","        Friday 07 April 2017"
Warner Theatre,Kris Kristofferson,"      Kris Kristofferson     ","        Thursday 11 May 2017"
Warner Theatre,Little Feat,"      Little Feat     ","        Sunday 21 May 2017"
Warner Theatre,JJ Hairston & Youthful Praise and Tye Tribbett,"      JJ Hairston & Youthful Praise and Tye Tribbett     ","        Friday 25 August 2017"
Warner Theatre,Frankie Valli and Frankie Valli & The Four Seasons,"      Frankie Valli and Frankie Valli & The Four Seasons     ","        Saturday 08 April 2017"
Warner Theatre,Yanni,"      Yanni     ","        Sunday 05 March 2017"
Warner Theatre,Brian Setzer Orchestra,"      Brian Setzer Orchestra     ","        Saturday 25 November 2017"
Warner Theatre,Anthony Brown & Group Therapy,"      Anthony Brown & Group Therapy     ","        Friday 28 July 2017"
Warner Theatre,Ron White,"      Ron White     ","        Saturday 18 November 2017"
Warner Theatre,Margaret Cho,"      Margaret Cho     ","        Saturday 14 October 2017"
Warner Theatre,Johnny Clegg,"      Johnny Clegg     ","        Friday 27 October 2017"
Warner Theatre,Nick Offerman,"      Nick Offerman     ","        Friday 03 November 2017"
Warner Theatre,Walker Hayes,"      Walker Hayes     ","        Saturday 04 February 2017"
Warner Theatre,Daniel O'Donnell,"      Daniel O'Donnell     ","        Saturday 17 June 2017"